name,tags,time,BatV,RSSI,batV,distance,distance_raw,level,liter,fixedDistance
waterlevel,DevEUI=A840415930000001,05/09/2025 13:53:30,,-95,3.287,1465,,,,1465
waterlevel,DevEUI=A840415930000001,05/09/2025 11:53:31,,-105,3.353,1457,,,,1457
waterlevel,DevEUI=A840415930000001,05/09/2025 09:53:31,,-99,3.34,1446,,,,1446
waterlevel,DevEUI=A840415930000001,05/09/2025 07:53:31,,-100,3.335,1440,,,,1440
waterlevel,DevEUI=A840415930000001,05/09/2025 05:53:31,,-101,3.335,1427,,,,1427
waterlevel,DevEUI=A840415930000001,05/09/2025 03:53:32,,-94,3.34,1429,,,,1429
waterlevel,DevEUI=A840415930000001,05/09/2025 01:53:32,,-97,3.342,1430,,,,1430
waterlevel,DevEUI=A840415930000001,05/08/2025 23:53:33,,-101,3.344,1431,,,,1431
waterlevel,DevEUI=A840415930000001,05/08/2025 21:53:33,,-98,3.346,1425,,,,1425
waterlevel,DevEUI=A840415930000001,05/08/2025 19:53:33,,-98,3.353,1419,,,,1419
waterlevel,DevEUI=A840415930000001,05/08/2025 17:53:34,,-91,3.306,1407,,,,1407
waterlevel,DevEUI=A840415930000001,05/08/2025 15:53:35,,-95,3.313,1405,,,,1405
waterlevel,DevEUI=A840415930000001,05/08/2025 13:53:35,,-91,3.353,1400,,,,1400
waterlevel,DevEUI=A840415930000001,05/08/2025 11:53:35,,-103,3.346,1396,,,,1396
waterlevel,DevEUI=A840415930000001,05/08/2025 09:53:36,,-115,3.335,1389,,,,1389
waterlevel,DevEUI=A840415930000001,05/08/2025 07:53:36,,-102,3.331,1382,,,,1382
waterlevel,DevEUI=A840415930000001,05/08/2025 05:53:36,,-100,3.331,816,,,,
waterlevel,DevEUI=A840415930000001,05/08/2025 03:53:37,,-105,3.328,816,,,,
waterlevel,DevEUI=A840415930000001,05/08/2025 01:53:37,,-100,3.335,808,,,,
waterlevel,DevEUI=A840415930000001,05/07/2025 23:53:38,,-111,3.337,1376,,,,1376
waterlevel,DevEUI=A840415930000001,05/07/2025 21:53:38,,-99,3.335,1368,,,,1368
waterlevel,DevEUI=A840415930000001,05/07/2025 19:53:38,,-95,3.344,2240,,,,2240
waterlevel,DevEUI=A840415930000001,05/07/2025 17:53:39,,-103,3.348,2244,,,,2244
waterlevel,DevEUI=A840415930000001,05/07/2025 15:53:39,,-105,3.348,2238,,,,2238
waterlevel,DevEUI=A840415930000001,05/07/2025 13:53:40,,-99,3.351,2233,,,,2233
waterlevel,DevEUI=A840415930000001,05/07/2025 11:53:40,,-99,3.344,2221,,,,2221
waterlevel,DevEUI=A840415930000001,05/07/2025 09:53:40,,-103,3.337,2218,,,,2218
waterlevel,DevEUI=A840415930000001,05/07/2025 07:53:41,,-102,3.333,2207,,,,2207
waterlevel,DevEUI=A840415930000001,05/07/2025 05:53:41,,-103,3.337,821,,,,
waterlevel,DevEUI=A840415930000001,05/07/2025 03:53:42,,-99,3.34,2196,,,,2196
waterlevel,DevEUI=A840415930000001,05/07/2025 01:53:42,,-97,3.342,2198,,,,2198
waterlevel,DevEUI=A840415930000001,05/06/2025 23:53:42,,-95,3.344,821,,,,
waterlevel,DevEUI=A840415930000001,05/06/2025 21:53:42,,-96,3.346,2197,,,,2197
waterlevel,DevEUI=A840415930000001,05/06/2025 19:53:43,,-105,3.351,2195,,,,2195
waterlevel,DevEUI=A840415930000001,05/06/2025 17:53:44,,-101,3.355,2173,,,,2173
waterlevel,DevEUI=A840415930000001,05/06/2025 15:53:44,,-93,3.357,2170,,,,2170
waterlevel,DevEUI=A840415930000001,05/06/2025 13:53:44,,-100,3.351,2149,,,,2149
waterlevel,DevEUI=A840415930000001,05/06/2025 11:53:45,,-97,3.344,2134,,,,2134
waterlevel,DevEUI=A840415930000001,05/06/2025 09:53:45,,-100,3.335,2127,,,,2127
waterlevel,DevEUI=A840415930000001,05/06/2025 07:53:45,,-107,3.333,2114,,,,2114
waterlevel,DevEUI=A840415930000001,05/06/2025 05:53:45,,-103,3.335,2098,,,,2098
waterlevel,DevEUI=A840415930000001,05/06/2025 03:53:46,,-101,3.335,2098,,,,2098
waterlevel,DevEUI=A840415930000001,05/06/2025 01:53:47,,-96,3.337,2098,,,,2098
waterlevel,DevEUI=A840415930000001,05/05/2025 23:53:47,,-97,3.337,821,,,,
waterlevel,DevEUI=A840415930000001,05/05/2025 21:53:47,,-104,3.342,2097,,,,2097
waterlevel,DevEUI=A840415930000001,05/05/2025 19:53:48,,-99,3.348,2076,,,,2076
waterlevel,DevEUI=A840415930000001,05/05/2025 17:53:48,,-95,3.353,2072,,,,2072
waterlevel,DevEUI=A840415930000001,05/05/2025 15:53:48,,-107,3.353,2075,,,,2075
waterlevel,DevEUI=A840415930000001,05/05/2025 13:53:49,,-101,3.351,2071,,,,2071
waterlevel,DevEUI=A840415930000001,05/05/2025 11:53:48,,-96,3.344,2069,,,,2069
waterlevel,DevEUI=A840415930000001,05/05/2025 09:53:50,,-99,3.344,2063,,,,2063
waterlevel,DevEUI=A840415930000001,05/05/2025 07:53:50,,-99,3.342,2062,,,,2062
waterlevel,DevEUI=A840415930000001,05/05/2025 05:53:51,,-96,3.344,2055,,,,2055
waterlevel,DevEUI=A840415930000001,05/05/2025 03:53:51,,-92,3.344,2055,,,,2055
waterlevel,DevEUI=A840415930000001,05/05/2025 01:53:51,,-95,3.351,2056,,,,2056
waterlevel,DevEUI=A840415930000001,05/04/2025 23:53:52,,-99,3.348,2057,,,,2057
waterlevel,DevEUI=A840415930000001,05/04/2025 21:53:52,,-96,3.351,2054,,,,2054
waterlevel,DevEUI=A840415930000001,05/04/2025 19:53:52,,-93,3.357,2052,,,,2052
waterlevel,DevEUI=A840415930000001,05/04/2025 17:53:52,,-101,3.364,2016,,,,2016
waterlevel,DevEUI=A840415930000001,05/04/2025 13:53:54,,-93,3.362,1957,,,,1957
waterlevel,DevEUI=A840415930000001,05/04/2025 11:53:54,,-96,3.357,1915,,,,1915
waterlevel,DevEUI=A840415930000001,05/04/2025 09:53:55,,-96,3.355,1877,,,,1877
waterlevel,DevEUI=A840415930000001,05/04/2025 07:53:55,,-102,3.355,1867,,,,1867
waterlevel,DevEUI=A840415930000001,05/04/2025 05:53:55,,-101,3.357,1867,,,,1867
waterlevel,DevEUI=A840415930000001,05/04/2025 03:53:56,,-107,3.36,1870,,,,1870
waterlevel,DevEUI=A840415930000001,05/04/2025 01:53:56,,-105,3.362,1872,,,,1872
waterlevel,DevEUI=A840415930000001,05/03/2025 23:53:57,,-97,3.362,1871,,,,1871
waterlevel,DevEUI=A840415930000001,05/03/2025 21:53:57,,-94,3.366,1865,,,,1865
waterlevel,DevEUI=A840415930000001,05/03/2025 19:53:57,,-96,3.369,1869,,,,1869
waterlevel,DevEUI=A840415930000001,05/03/2025 17:53:58,,-91,3.317,1881,,,,1881
waterlevel,DevEUI=A840415930000001,05/03/2025 15:53:58,,-96,3.322,1875,,,,1875
waterlevel,DevEUI=A840415930000001,05/03/2025 13:53:58,,-114,3.313,1872,,,,1872
waterlevel,DevEUI=A840415930000001,05/03/2025 11:53:59,,-93,3.32,1863,,,,1863
waterlevel,DevEUI=A840415930000001,05/03/2025 09:54:00,,-95,3.362,1851,,,,1851
waterlevel,DevEUI=A840415930000001,05/03/2025 07:54:00,,-90,3.36,1837,,,,1837
waterlevel,DevEUI=A840415930000001,05/03/2025 05:54:00,,-91,3.362,1817,,,,1817
waterlevel,DevEUI=A840415930000001,05/03/2025 03:54:01,,-93,3.371,1820,,,,1820
waterlevel,DevEUI=A840415930000001,05/03/2025 01:54:01,,-95,3.364,1822,,,,1822
waterlevel,DevEUI=A840415930000001,05/02/2025 23:54:02,,-93,3.366,1821,,,,1821
waterlevel,DevEUI=A840415930000001,05/02/2025 21:54:02,,-97,3.371,1826,,,,1826
waterlevel,DevEUI=A840415930000001,05/02/2025 19:54:02,,-97,3.309,1832,,,,1832
waterlevel,DevEUI=A840415930000001,05/02/2025 17:54:02,,-93,3.382,1841,,,,1841
waterlevel,DevEUI=A840415930000001,05/02/2025 15:54:03,,-93,3.333,1841,,,,1841
waterlevel,DevEUI=A840415930000001,05/02/2025 13:54:04,,-105,3.324,1832,,,,1832
waterlevel,DevEUI=A840415930000001,05/02/2025 11:54:04,,-128,3.328,1805,,,,1805
waterlevel,DevEUI=A840415930000001,05/02/2025 09:54:05,,-102,3.364,1782,,,,1782
waterlevel,DevEUI=A840415930000001,05/02/2025 05:54:05,,-101,3.362,1765,,,,1765
waterlevel,DevEUI=A840415930000001,05/02/2025 03:54:05,,-98,3.366,1768,,,,1768
waterlevel,DevEUI=A840415930000001,05/02/2025 01:54:06,,-109,3.371,1770,,,,1770
waterlevel,DevEUI=A840415930000001,05/01/2025 23:54:07,,-103,3.369,1775,,,,1775
waterlevel,DevEUI=A840415930000001,05/01/2025 21:54:07,,-107,3.344,1773,,,,1773
waterlevel,DevEUI=A840415930000001,05/01/2025 19:54:08,,-103,3.32,1773,,,,1773
waterlevel,DevEUI=A840415930000001,05/01/2025 17:54:08,,-113,3.333,1776,,,,1776
waterlevel,DevEUI=A840415930000001,05/01/2025 15:54:08,,-102,3.333,1780,,,,1780
waterlevel,DevEUI=A840415930000001,05/01/2025 13:54:09,,-113,3.342,1772,,,,1772
waterlevel,DevEUI=A840415930000001,05/01/2025 11:54:09,,-108,3.324,1753,,,,1753
waterlevel,DevEUI=A840415930000001,05/01/2025 09:54:10,,-95,3.364,1738,,,,1738
waterlevel,DevEUI=A840415930000001,05/01/2025 07:54:10,,-100,3.36,1721,,,,1721
waterlevel,DevEUI=A840415930000001,05/01/2025 05:54:10,,-107,3.36,1710,,,,1710
waterlevel,DevEUI=A840415930000001,05/01/2025 03:54:10,,-102,3.364,1716,,,,1716
waterlevel,DevEUI=A840415930000001,05/01/2025 01:54:11,,-114,3.364,1718,,,,1718
waterlevel,DevEUI=A840415930000001,04/30/2025 23:54:12,,-103,3.369,1720,,,,1720
waterlevel,DevEUI=A840415930000001,04/30/2025 21:54:12,,-93,3.373,1708,,,,1708
waterlevel,DevEUI=A840415930000001,04/30/2025 19:54:13,,-100,3.306,1705,,,,1705
waterlevel,DevEUI=A840415930000001,04/30/2025 17:54:13,,-93,3.34,1701,,,,1701
waterlevel,DevEUI=A840415930000001,04/30/2025 15:54:13,,-91,3.346,1669,,,,1669
waterlevel,DevEUI=A840415930000001,04/30/2025 13:54:14,,-95,3.331,1647,,,,1647
waterlevel,DevEUI=A840415930000001,04/30/2025 11:54:14,,-101,3.369,1625,,,,1625
waterlevel,DevEUI=A840415930000001,04/30/2025 09:54:14,,-114,3.362,1615,,,,1615
waterlevel,DevEUI=A840415930000001,04/30/2025 07:54:15,,-102,3.357,1603,,,,1603
waterlevel,DevEUI=A840415930000001,04/30/2025 05:54:16,,-95,3.362,1589,,,,1589
waterlevel,DevEUI=A840415930000001,04/30/2025 03:54:16,,-99,3.362,1589,,,,1589
waterlevel,DevEUI=A840415930000001,04/30/2025 01:54:16,,-101,3.362,1588,,,,1588
waterlevel,DevEUI=A840415930000001,04/29/2025 23:54:16,,-101,3.362,1589,,,,1589
waterlevel,DevEUI=A840415930000001,04/29/2025 21:54:17,,-96,3.369,1581,,,,1581
waterlevel,DevEUI=A840415930000001,04/29/2025 19:54:18,,-96,3.373,1577,,,,1577
waterlevel,DevEUI=A840415930000001,04/29/2025 17:54:18,,-93,3.328,1552,,,,1552
waterlevel,DevEUI=A840415930000001,04/29/2025 15:54:18,,-92,3.335,1547,,,,1547
waterlevel,DevEUI=A840415930000001,04/29/2025 13:54:18,,-97,3.326,1535,,,,1535
waterlevel,DevEUI=A840415930000001,04/29/2025 11:54:19,,-99,3.366,1514,,,,1514
waterlevel,DevEUI=A840415930000001,04/29/2025 09:54:20,,-126,3.36,1504,,,,1504
waterlevel,DevEUI=A840415930000001,04/29/2025 07:54:20,,-107,3.355,1492,,,,1492
waterlevel,DevEUI=A840415930000001,04/29/2025 05:54:21,,-101,3.353,1477,,,,1477
waterlevel,DevEUI=A840415930000001,04/29/2025 03:54:20,,-97,3.353,1474,,,,1474
waterlevel,DevEUI=A840415930000001,04/29/2025 01:54:21,,-103,3.36,1472,,,,1472
waterlevel,DevEUI=A840415930000001,04/28/2025 23:54:21,,-103,3.362,1470,,,,1470
waterlevel,DevEUI=A840415930000001,04/28/2025 21:54:22,,-88,3.36,1454,,,,1454
waterlevel,DevEUI=A840415930000001,04/28/2025 19:54:23,,-94,3.373,2196,,,,2196
waterlevel,DevEUI=A840415930000001,04/28/2025 17:54:23,,-107,3.335,2190,,,,2190
waterlevel,DevEUI=A840415930000001,04/28/2025 15:54:23,,-97,3.326,2188,,,,2188
waterlevel,DevEUI=A840415930000001,04/28/2025 13:54:24,,-90,3.324,2143,,,,2143
waterlevel,DevEUI=A840415930000001,04/28/2025 11:54:24,,-96,3.364,2100,,,,2100
waterlevel,DevEUI=A840415930000001,04/28/2025 09:54:25,,-95,3.357,2068,,,,2068
waterlevel,DevEUI=A840415930000001,04/28/2025 07:54:25,,-95,3.348,2033,,,,2033
waterlevel,DevEUI=A840415930000001,04/28/2025 05:54:25,,-96,3.353,2011,,,,2011
waterlevel,DevEUI=A840415930000001,04/28/2025 03:54:26,,-97,3.355,2012,,,,2012
waterlevel,DevEUI=A840415930000001,04/28/2025 01:54:26,,-99,3.357,2013,,,,2013
waterlevel,DevEUI=A840415930000001,04/27/2025 23:54:27,,-93,3.36,2016,,,,2016
waterlevel,DevEUI=A840415930000001,04/27/2025 21:54:27,,-95,3.364,2018,,,,2018
waterlevel,DevEUI=A840415930000001,04/27/2025 19:54:27,,-97,3.369,2021,,,,2021
waterlevel,DevEUI=A840415930000001,04/27/2025 17:54:28,,-95,3.322,1971,,,,1971
waterlevel,DevEUI=A840415930000001,04/27/2025 15:54:28,,-93,3.34,1964,,,,1964
waterlevel,DevEUI=A840415930000001,04/27/2025 13:54:29,,-94,3.371,1934,,,,1934
waterlevel,DevEUI=A840415930000001,04/27/2025 11:54:29,,-97,3.357,1897,,,,1897
waterlevel,DevEUI=A840415930000001,04/27/2025 09:54:30,,-94,3.353,1884,,,,1884
waterlevel,DevEUI=A840415930000001,04/27/2025 07:54:30,,-93,3.346,1874,,,,1874
waterlevel,DevEUI=A840415930000001,04/27/2025 05:54:30,,-91,3.348,1871,,,,1871
waterlevel,DevEUI=A840415930000001,04/27/2025 03:54:30,,-93,3.351,1871,,,,1871
waterlevel,DevEUI=A840415930000001,04/27/2025 01:54:31,,-95,3.353,1863,,,,1863
waterlevel,DevEUI=A840415930000001,04/26/2025 23:54:31,,-96,3.355,1850,,,,1850
waterlevel,DevEUI=A840415930000001,04/26/2025 21:54:32,,-101,3.36,1837,,,,1837
waterlevel,DevEUI=A840415930000001,04/26/2025 19:54:32,,-97,3.362,1827,,,,1827
waterlevel,DevEUI=A840415930000001,04/26/2025 17:54:33,,-101,3.369,1805,,,,1805
waterlevel,DevEUI=A840415930000001,04/26/2025 15:54:33,,-106,3.369,1796,,,,1796
waterlevel,DevEUI=A840415930000001,04/26/2025 13:54:33,,-101,3.366,1785,,,,1785
waterlevel,DevEUI=A840415930000001,04/26/2025 11:54:33,,-112,3.353,1748,,,,1748
waterlevel,DevEUI=A840415930000001,04/26/2025 09:54:34,,-95,3.351,1679,,,,1679
waterlevel,DevEUI=A840415930000001,04/26/2025 07:54:35,,-92,3.342,1651,,,,1651
waterlevel,DevEUI=A840415930000001,04/26/2025 05:54:35,,-95,3.337,1644,,,,1644
waterlevel,DevEUI=A840415930000001,04/26/2025 03:54:35,,-97,3.342,1641,,,,1641
waterlevel,DevEUI=A840415930000001,04/26/2025 01:54:36,,-95,3.344,1638,,,,1638
waterlevel,DevEUI=A840415930000001,04/25/2025 23:54:36,,-96,3.326,1634,,,,1634
waterlevel,DevEUI=A840415930000001,04/25/2025 21:54:37,,-99,3.348,1623,,,,1623
waterlevel,DevEUI=A840415930000001,04/25/2025 19:54:37,,-103,3.353,1621,,,,1621
waterlevel,DevEUI=A840415930000001,04/25/2025 17:54:37,,-67,3.355,1633,,,,1633
waterlevel,DevEUI=A840415930000001,04/25/2025 15:54:37,,-63,3.36,1086,,,,
waterlevel,DevEUI=A840415930000001,04/25/2025 13:54:38,,-99,3.362,1924,,,,1924
waterlevel,DevEUI=A840415930000001,04/25/2025 11:54:39,,-89,3.346,1904,,,,1904
waterlevel,DevEUI=A840415930000001,04/25/2025 09:54:39,,-97,3.34,1901,,,,1901
waterlevel,DevEUI=A840415930000001,04/25/2025 07:54:39,,-95,3.3,1889,,,,1889
waterlevel,DevEUI=A840415930000001,04/25/2025 05:54:40,,-101,3.335,1865,,,,1865
waterlevel,DevEUI=A840415930000001,04/25/2025 03:54:40,,-99,3.337,1864,,,,1864
waterlevel,DevEUI=A840415930000001,04/25/2025 01:54:40,,-97,3.298,1866,,,,1866
waterlevel,DevEUI=A840415930000001,04/24/2025 15:54:42,,-89,3.342,1823,,,,1823
waterlevel,DevEUI=A840415930000001,04/24/2025 13:54:43,,-91,3.342,1812,,,,1812
waterlevel,DevEUI=A840415930000001,04/24/2025 11:54:43,,-95,3.342,1809,,,,1809
waterlevel,DevEUI=A840415930000001,04/24/2025 09:54:43,,-96,3.34,1808,,,,1808
waterlevel,DevEUI=A840415930000001,04/24/2025 07:54:44,,-91,3.346,1804,,,,1804
waterlevel,DevEUI=A840415930000001,04/24/2025 05:54:44,,-96,3.342,1796,,,,1796
waterlevel,DevEUI=A840415930000001,04/24/2025 03:54:45,,-89,3.344,1796,,,,1796
waterlevel,DevEUI=A840415930000001,04/24/2025 01:54:45,,-81,3.346,1798,,,,1798
waterlevel,DevEUI=A840415930000001,04/23/2025 23:54:45,,-79,3.348,1798,,,,1798
waterlevel,DevEUI=A840415930000001,04/23/2025 21:54:45,,-81,3.351,1793,,,,1793
waterlevel,DevEUI=A840415930000001,04/23/2025 19:54:46,,-87,3.355,1773,,,,1773
waterlevel,DevEUI=A840415930000001,04/23/2025 17:54:46,,-84,3.355,1753,,,,1753
waterlevel,DevEUI=A840415930000001,04/23/2025 15:54:47,,-87,3.357,1741,,,,1741
waterlevel,DevEUI=A840415930000001,04/23/2025 13:54:47,,-89,3.351,891,,,,
waterlevel,DevEUI=A840415930000001,04/23/2025 11:54:48,,-90,3.351,1719,,,,1719
waterlevel,DevEUI=A840415930000001,04/23/2025 09:54:48,,-93,3.351,1719,,,,1719
waterlevel,DevEUI=A840415930000001,04/23/2025 07:54:48,,-100,3.351,1716,,,,1716
waterlevel,DevEUI=A840415930000001,04/23/2025 05:54:49,,-99,3.351,1700,,,,1700
waterlevel,DevEUI=A840415930000001,04/23/2025 03:54:49,,-84,3.351,1696,,,,1696
waterlevel,DevEUI=A840415930000001,04/23/2025 01:54:49,,-93,3.353,1701,,,,1701
waterlevel,DevEUI=A840415930000001,04/22/2025 23:54:49,,-93,3.355,1702,,,,1702
waterlevel,DevEUI=A840415930000001,04/22/2025 21:54:50,,-96,3.357,1693,,,,1693
waterlevel,DevEUI=A840415930000001,04/22/2025 19:54:49,,-93,3.364,1702,,,,1702
waterlevel,DevEUI=A840415930000001,04/22/2025 17:54:51,,-93,3.369,1690,,,,1690
waterlevel,DevEUI=A840415930000001,04/22/2025 15:54:51,,-95,3.364,1690,,,,1690
waterlevel,DevEUI=A840415930000001,04/22/2025 13:54:52,,-95,3.366,1688,,,,1688
waterlevel,DevEUI=A840415930000001,04/22/2025 11:54:52,,-93,3.36,894,,,,
waterlevel,DevEUI=A840415930000001,04/22/2025 09:54:52,,-91,3.355,1665,,,,1665
waterlevel,DevEUI=A840415930000001,04/22/2025 07:54:53,,-86,3.346,1647,,,,1647
waterlevel,DevEUI=A840415930000001,04/22/2025 05:54:53,,-91,3.313,1636,,,,1636
waterlevel,DevEUI=A840415930000001,04/22/2025 03:54:54,,-91,3.348,1638,,,,1638
waterlevel,DevEUI=A840415930000001,04/22/2025 01:54:54,,-91,3.355,1640,,,,1640
waterlevel,DevEUI=A840415930000001,04/21/2025 23:54:55,,-93,3.355,1641,,,,1641
waterlevel,DevEUI=A840415930000001,04/21/2025 21:54:54,,-89,3.353,1639,,,,1639
waterlevel,DevEUI=A840415930000001,04/21/2025 19:54:55,,-91,3.362,1617,,,,1617
waterlevel,DevEUI=A840415930000001,04/21/2025 17:54:56,,-93,3.366,1590,,,,1590
waterlevel,DevEUI=A840415930000001,04/21/2025 15:54:56,,-87,3.364,1574,,,,1574
waterlevel,DevEUI=A840415930000001,04/21/2025 13:54:57,,-85,3.369,1539,,,,1539
waterlevel,DevEUI=A840415930000001,04/21/2025 11:54:57,,-87,3.36,1482,,,,1482
waterlevel,DevEUI=A840415930000001,04/21/2025 09:54:57,,-90,3.351,1433,,,,1433
waterlevel,DevEUI=A840415930000001,04/21/2025 07:54:58,,-84,3.346,1420,,,,1420
waterlevel,DevEUI=A840415930000001,04/21/2025 05:54:58,,-87,3.353,1418,,,,1418
waterlevel,DevEUI=A840415930000001,04/21/2025 03:54:58,,-89,3.353,1419,,,,1419
waterlevel,DevEUI=A840415930000001,04/21/2025 01:54:59,,-89,3.353,1419,,,,1419
waterlevel,DevEUI=A840415930000001,04/20/2025 23:54:59,,-93,3.355,1417,,,,1417
waterlevel,DevEUI=A840415930000001,04/20/2025 21:55:00,,-91,3.353,890,,,,
waterlevel,DevEUI=A840415930000001,04/20/2025 19:55:00,,-91,3.36,1411,,,,1411
waterlevel,DevEUI=A840415930000001,04/20/2025 17:55:00,,-91,3.364,1402,,,,1402
waterlevel,DevEUI=A840415930000001,04/20/2025 15:55:01,,-91,3.364,1387,,,,1387
waterlevel,DevEUI=A840415930000001,04/20/2025 13:55:01,,-70,3.366,1484,,,,1484
waterlevel,DevEUI=A840415930000001,04/20/2025 11:55:01,,-89,3.357,1916,,,,1916
waterlevel,DevEUI=A840415930000001,04/20/2025 09:55:02,,-91,3.36,1905,,,,1905
waterlevel,DevEUI=A840415930000001,04/20/2025 07:55:02,,-94,3.353,1901,,,,1901
waterlevel,DevEUI=A840415930000001,04/20/2025 05:55:03,,-93,3.355,1902,,,,1902
waterlevel,DevEUI=A840415930000001,04/20/2025 03:55:03,,-96,3.355,1903,,,,1903
waterlevel,DevEUI=A840415930000001,04/20/2025 01:55:04,,-94,3.357,1904,,,,1904
waterlevel,DevEUI=A840415930000001,04/19/2025 23:55:04,,-95,3.36,1907,,,,1907
waterlevel,DevEUI=A840415930000001,04/19/2025 21:55:04,,-96,3.362,1911,,,,1911
waterlevel,DevEUI=A840415930000001,04/19/2025 19:55:05,,-95,3.366,1919,,,,1919
waterlevel,DevEUI=A840415930000001,04/19/2025 17:55:05,,-93,3.369,1932,,,,1932
waterlevel,DevEUI=A840415930000001,04/19/2025 15:55:05,,-93,3.371,1935,,,,1935
waterlevel,DevEUI=A840415930000001,04/19/2025 13:55:06,,-93,3.366,1929,,,,1929
waterlevel,DevEUI=A840415930000001,04/19/2025 11:55:06,,-90,3.357,1911,,,,1911
waterlevel,DevEUI=A840415930000001,04/19/2025 09:55:07,,-90,3.355,1906,,,,1906
waterlevel,DevEUI=A840415930000001,04/19/2025 07:55:06,,-93,3.315,1903,,,,1903
waterlevel,DevEUI=A840415930000001,04/19/2025 05:55:08,,-93,3.353,1903,,,,1903
waterlevel,DevEUI=A840415930000001,04/19/2025 03:55:08,,-93,3.355,1904,,,,1904
waterlevel,DevEUI=A840415930000001,04/19/2025 01:55:08,,-93,3.357,1907,,,,1907
waterlevel,DevEUI=A840415930000001,04/18/2025 23:55:08,,-94,3.36,1908,,,,1908
waterlevel,DevEUI=A840415930000001,04/18/2025 21:55:09,,-93,3.364,1913,,,,1913
waterlevel,DevEUI=A840415930000001,04/18/2025 19:55:09,,-95,3.364,1923,,,,1923
waterlevel,DevEUI=A840415930000001,04/18/2025 17:55:10,,-91,3.322,1939,,,,1939
waterlevel,DevEUI=A840415930000001,04/18/2025 15:55:10,,-89,3.333,1937,,,,1937
waterlevel,DevEUI=A840415930000001,04/18/2025 13:55:11,,-91,3.362,1930,,,,1930
waterlevel,DevEUI=A840415930000001,04/18/2025 09:55:11,,-91,3.353,1901,,,,1901
waterlevel,DevEUI=A840415930000001,04/18/2025 07:55:12,,-91,3.348,1893,,,,1893
waterlevel,DevEUI=A840415930000001,04/18/2025 05:55:12,,-90,3.353,1880,,,,1880
waterlevel,DevEUI=A840415930000001,04/18/2025 03:55:12,,-91,3.353,1883,,,,1883
waterlevel,DevEUI=A840415930000001,04/18/2025 01:55:13,,-90,3.357,1884,,,,1884
waterlevel,DevEUI=A840415930000001,04/17/2025 23:55:13,,-91,3.357,1885,,,,1885
waterlevel,DevEUI=A840415930000001,04/17/2025 21:55:14,,-91,3.36,1887,,,,1887
waterlevel,DevEUI=A840415930000001,04/17/2025 19:55:14,,-91,3.364,1882,,,,1882
waterlevel,DevEUI=A840415930000001,04/17/2025 17:55:14,,-91,3.366,1875,,,,1875
waterlevel,DevEUI=A840415930000001,04/17/2025 15:55:15,,-93,3.366,1867,,,,1867
waterlevel,DevEUI=A840415930000001,04/17/2025 13:55:15,,-90,3.362,1862,,,,1862
waterlevel,DevEUI=A840415930000001,04/17/2025 11:55:16,,-91,3.357,1846,,,,1846
waterlevel,DevEUI=A840415930000001,04/17/2025 09:55:16,,-90,3.353,1838,,,,1838
waterlevel,DevEUI=A840415930000001,04/17/2025 07:55:17,,-90,3.351,1823,,,,1823
waterlevel,DevEUI=A840415930000001,04/17/2025 05:55:17,,-90,3.351,1820,,,,1820
waterlevel,DevEUI=A840415930000001,04/17/2025 03:55:17,,-88,3.315,1821,,,,1821
waterlevel,DevEUI=A840415930000001,04/17/2025 01:55:18,,-90,3.353,1830,,,,1830
waterlevel,DevEUI=A840415930000001,04/16/2025 23:55:18,,-90,3.355,1856,,,,1856
waterlevel,DevEUI=A840415930000001,04/16/2025 21:55:18,,-91,3.357,1905,,,,1905
waterlevel,DevEUI=A840415930000001,04/16/2025 19:55:19,,-93,3.36,1911,,,,1911
waterlevel,DevEUI=A840415930000001,04/16/2025 17:55:19,,-90,3.362,1916,,,,1916
waterlevel,DevEUI=A840415930000001,04/16/2025 15:55:20,,-89,3.36,1916,,,,1916
waterlevel,DevEUI=A840415930000001,04/16/2025 13:55:20,,-89,3.357,1913,,,,1913
waterlevel,DevEUI=A840415930000001,04/16/2025 11:55:20,,-88,3.355,1908,,,,1908
waterlevel,DevEUI=A840415930000001,04/16/2025 09:55:21,,-90,3.353,1903,,,,1903
waterlevel,DevEUI=A840415930000001,04/16/2025 07:55:21,,-89,3.351,1901,,,,1901
waterlevel,DevEUI=A840415930000001,04/16/2025 05:55:22,,-93,3.351,1901,,,,1901
waterlevel,DevEUI=A840415930000001,04/16/2025 03:55:22,,-93,3.351,1902,,,,1902
waterlevel,DevEUI=A840415930000001,04/16/2025 01:55:22,,-90,3.355,1904,,,,1904
waterlevel,DevEUI=A840415930000001,04/15/2025 23:55:23,,-90,3.355,1904,,,,1904
waterlevel,DevEUI=A840415930000001,04/15/2025 21:55:23,,-90,3.36,1909,,,,1909
waterlevel,DevEUI=A840415930000001,04/15/2025 19:55:24,,-90,3.362,1915,,,,1915
waterlevel,DevEUI=A840415930000001,04/15/2025 17:55:24,,-90,3.364,1925,,,,1925
waterlevel,DevEUI=A840415930000001,04/15/2025 15:55:24,,-87,3.364,1925,,,,1925
waterlevel,DevEUI=A840415930000001,04/15/2025 13:55:24,,-91,3.362,1922,,,,1922
waterlevel,DevEUI=A840415930000001,04/15/2025 11:55:24,,-90,3.357,1914,,,,1914
waterlevel,DevEUI=A840415930000001,04/15/2025 09:55:26,,-91,3.357,1910,,,,1910
waterlevel,DevEUI=A840415930000001,04/15/2025 07:55:25,,-91,3.34,1904,,,,1904
waterlevel,DevEUI=A840415930000001,04/15/2025 05:55:26,,-89,3.326,1904,,,,1904
waterlevel,DevEUI=A840415930000001,04/15/2025 03:55:27,,-89,3.353,1904,,,,1904
waterlevel,DevEUI=A840415930000001,04/15/2025 01:55:27,,-93,3.355,1906,,,,1906
waterlevel,DevEUI=A840415930000001,04/14/2025 23:55:28,,-91,3.36,1908,,,,1908
waterlevel,DevEUI=A840415930000001,04/14/2025 21:55:28,,-90,3.36,1911,,,,1911
waterlevel,DevEUI=A840415930000001,04/14/2025 19:55:28,,-90,3.362,1917,,,,1917
waterlevel,DevEUI=A840415930000001,04/14/2025 17:55:28,,-93,3.366,1932,,,,1932
waterlevel,DevEUI=A840415930000001,04/14/2025 15:55:29,,-91,3.315,1936,,,,1936
waterlevel,DevEUI=A840415930000001,04/14/2025 13:55:29,,-89,3.36,1926,,,,1926
waterlevel,DevEUI=A840415930000001,04/14/2025 11:55:30,,-90,3.351,1909,,,,1909
waterlevel,DevEUI=A840415930000001,04/14/2025 09:55:30,,-90,3.348,1904,,,,1904
waterlevel,DevEUI=A840415930000001,04/14/2025 07:55:30,,-90,3.344,1903,,,,1903
waterlevel,DevEUI=A840415930000001,04/14/2025 05:55:31,,-90,3.346,1901,,,,1901
waterlevel,DevEUI=A840415930000001,04/14/2025 03:55:31,,-90,3.337,1903,,,,1903
waterlevel,DevEUI=A840415930000001,04/14/2025 01:55:31,,-89,3.346,1905,,,,1905
waterlevel,DevEUI=A840415930000001,04/13/2025 23:55:32,,-93,3.353,1908,,,,1908
waterlevel,DevEUI=A840415930000001,04/13/2025 21:55:33,,-93,3.357,1909,,,,1909
waterlevel,DevEUI=A840415930000001,04/13/2025 19:55:33,,-94,3.357,1915,,,,1915
waterlevel,DevEUI=A840415930000001,04/13/2025 17:55:33,,-95,3.362,1924,,,,1924
waterlevel,DevEUI=A840415930000001,04/13/2025 15:55:34,,-93,3.36,1924,,,,1924
waterlevel,DevEUI=A840415930000001,04/13/2025 13:55:34,,-91,3.36,1926,,,,1926
waterlevel,DevEUI=A840415930000001,04/13/2025 11:55:35,,-91,3.355,1914,,,,1914
waterlevel,DevEUI=A840415930000001,04/13/2025 09:55:34,,-91,3.353,1909,,,,1909
waterlevel,DevEUI=A840415930000001,04/13/2025 07:55:35,,-91,3.353,1907,,,,1907
waterlevel,DevEUI=A840415930000001,04/13/2025 05:55:35,,-91,3.355,1908,,,,1908
waterlevel,DevEUI=A840415930000001,04/13/2025 03:55:36,,-89,3.362,1911,,,,1911
waterlevel,DevEUI=A840415930000001,04/13/2025 01:55:37,,-95,3.36,1913,,,,1913
waterlevel,DevEUI=A840415930000001,04/12/2025 23:55:37,,-93,3.36,1916,,,,1916
waterlevel,DevEUI=A840415930000001,04/12/2025 21:55:37,,-99,3.364,1921,,,,1921
waterlevel,DevEUI=A840415930000001,04/12/2025 19:55:38,,-96,3.366,1929,,,,1929
waterlevel,DevEUI=A840415930000001,04/12/2025 17:55:38,,-93,3.306,1942,,,,1942
waterlevel,DevEUI=A840415930000001,04/12/2025 15:55:39,,-88,3.298,1943,,,,1943
waterlevel,DevEUI=A840415930000001,04/12/2025 13:55:39,,-91,3.317,1935,,,,1935
waterlevel,DevEUI=A840415930000001,04/12/2025 11:55:39,,-95,3.353,1911,,,,1911
waterlevel,DevEUI=A840415930000001,04/12/2025 09:55:40,,-96,3.351,1908,,,,1908
waterlevel,DevEUI=A840415930000001,04/12/2025 07:55:39,,-93,3.311,1899,,,,1899
waterlevel,DevEUI=A840415930000001,04/12/2025 05:55:40,,-94,3.348,1901,,,,1901
waterlevel,DevEUI=A840415930000001,04/12/2025 03:55:41,,-91,3.348,1901,,,,1901
waterlevel,DevEUI=A840415930000001,04/12/2025 01:55:41,,-91,3.353,1905,,,,1905
waterlevel,DevEUI=A840415930000001,04/11/2025 23:55:42,,-93,3.355,1908,,,,1908
waterlevel,DevEUI=A840415930000001,04/11/2025 21:55:42,,-93,3.36,1914,,,,1914
waterlevel,DevEUI=A840415930000001,04/11/2025 19:55:43,,-92,3.362,1923,,,,1923
waterlevel,DevEUI=A840415930000001,04/11/2025 17:55:43,,-93,3.337,1935,,,,1935
waterlevel,DevEUI=A840415930000001,04/11/2025 15:55:43,,-94,3.315,1936,,,,1936
waterlevel,DevEUI=A840415930000001,04/11/2025 13:55:44,,-94,3.355,1927,,,,1927
waterlevel,DevEUI=A840415930000001,04/11/2025 11:55:44,,-95,3.346,1906,,,,1906
waterlevel,DevEUI=A840415930000001,04/11/2025 09:55:44,,-93,3.32,1904,,,,1904
waterlevel,DevEUI=A840415930000001,04/11/2025 07:55:45,,-93,3.34,1899,,,,1899
waterlevel,DevEUI=A840415930000001,04/11/2025 03:55:45,,-93,3.344,1900,,,,1900
waterlevel,DevEUI=A840415930000001,04/11/2025 01:55:46,,-91,3.346,1900,,,,1900
waterlevel,DevEUI=A840415930000001,04/10/2025 23:55:46,,-93,3.351,1903,,,,1903
waterlevel,DevEUI=A840415930000001,04/10/2025 21:55:47,,-91,3.353,1907,,,,1907
waterlevel,DevEUI=A840415930000001,04/10/2025 19:55:47,,-91,3.357,1914,,,,1914
waterlevel,DevEUI=A840415930000001,04/10/2025 17:55:47,,-93,3.362,1928,,,,1928
waterlevel,DevEUI=A840415930000001,04/10/2025 15:55:48,,-93,3.36,1928,,,,1928
waterlevel,DevEUI=A840415930000001,04/10/2025 13:55:48,,-93,3.355,1923,,,,1923
waterlevel,DevEUI=A840415930000001,04/10/2025 11:55:49,,-94,3.351,1909,,,,1909
waterlevel,DevEUI=A840415930000001,04/10/2025 09:55:49,,-91,3.348,1904,,,,1904
waterlevel,DevEUI=A840415930000001,04/10/2025 07:55:49,,-94,3.344,1902,,,,1902
waterlevel,DevEUI=A840415930000001,04/10/2025 05:55:50,,-93,3.346,1902,,,,1902
waterlevel,DevEUI=A840415930000001,04/10/2025 03:55:50,,-93,3.348,1902,,,,1902
waterlevel,DevEUI=A840415930000001,04/10/2025 01:55:51,,-93,3.348,1901,,,,1901
waterlevel,DevEUI=A840415930000001,04/09/2025 23:55:51,,-94,3.351,1902,,,,1902
waterlevel,DevEUI=A840415930000001,04/09/2025 21:55:51,,-93,3.355,1906,,,,1906
waterlevel,DevEUI=A840415930000001,04/09/2025 19:55:52,,-93,3.36,1913,,,,1913
waterlevel,DevEUI=A840415930000001,04/09/2025 17:55:52,,-93,3.364,1926,,,,1926
waterlevel,DevEUI=A840415930000001,04/09/2025 15:55:53,,-95,3.362,1927,,,,1927
waterlevel,DevEUI=A840415930000001,04/09/2025 13:55:53,,-95,3.355,1922,,,,1922
waterlevel,DevEUI=A840415930000001,04/09/2025 11:55:53,,-93,3.351,1906,,,,1906
waterlevel,DevEUI=A840415930000001,04/09/2025 09:55:54,,-96,3.346,1905,,,,1905
waterlevel,DevEUI=A840415930000001,04/09/2025 07:55:53,,-95,3.302,1900,,,,1900
waterlevel,DevEUI=A840415930000001,04/09/2025 05:55:54,,-93,3.344,1901,,,,1901
waterlevel,DevEUI=A840415930000001,04/09/2025 03:55:55,,-94,3.348,1901,,,,1901
waterlevel,DevEUI=A840415930000001,04/09/2025 01:55:55,,-94,3.351,1902,,,,1902
waterlevel,DevEUI=A840415930000001,04/08/2025 23:55:55,,-93,3.342,1906,,,,1906
waterlevel,DevEUI=A840415930000001,04/08/2025 21:55:56,,-91,3.357,1911,,,,1911
waterlevel,DevEUI=A840415930000001,04/08/2025 19:55:56,,-93,3.362,1920,,,,1920
waterlevel,DevEUI=A840415930000001,04/08/2025 17:55:56,,-93,3.342,1935,,,,1935
waterlevel,DevEUI=A840415930000001,04/08/2025 15:55:57,,-91,3.324,1937,,,,1937
waterlevel,DevEUI=A840415930000001,04/08/2025 13:55:58,,-91,3.357,1926,,,,1926
waterlevel,DevEUI=A840415930000001,04/08/2025 11:55:58,,-95,3.344,1907,,,,1907
waterlevel,DevEUI=A840415930000001,04/08/2025 09:55:58,,-91,3.346,1906,,,,1906
waterlevel,DevEUI=A840415930000001,04/08/2025 07:55:58,,-93,3.289,1900,,,,1900
waterlevel,DevEUI=A840415930000001,04/08/2025 05:55:59,,-93,3.342,1900,,,,1900
waterlevel,DevEUI=A840415930000001,04/08/2025 03:55:59,,-94,3.348,1902,,,,1902
waterlevel,DevEUI=A840415930000001,04/08/2025 01:56:00,,-91,3.351,1903,,,,1903
waterlevel,DevEUI=A840415930000001,04/07/2025 23:56:00,,-93,3.351,1906,,,,1906
waterlevel,DevEUI=A840415930000001,04/07/2025 21:56:01,,-91,3.355,1910,,,,1910
waterlevel,DevEUI=A840415930000001,04/07/2025 19:56:01,,-95,3.36,1917,,,,1917
waterlevel,DevEUI=A840415930000001,04/07/2025 17:56:01,,-95,3.366,1934,,,,1934
waterlevel,DevEUI=A840415930000001,04/07/2025 15:56:02,,-94,3.333,1934,,,,1934
waterlevel,DevEUI=A840415930000001,04/07/2025 13:56:02,,-91,3.357,1925,,,,1925
waterlevel,DevEUI=A840415930000001,04/07/2025 11:56:03,,-94,3.344,1904,,,,1904
waterlevel,DevEUI=A840415930000001,04/07/2025 09:56:03,,-95,3.346,1903,,,,1903
waterlevel,DevEUI=A840415930000001,04/07/2025 07:56:03,,-94,3.335,1900,,,,1900
waterlevel,DevEUI=A840415930000001,04/07/2025 05:56:04,,-93,3.342,1896,,,,1896
waterlevel,DevEUI=A840415930000001,04/07/2025 03:56:04,,-95,3.346,1898,,,,1898
waterlevel,DevEUI=A840415930000001,04/07/2025 01:56:04,,-95,3.348,1899,,,,1899
waterlevel,DevEUI=A840415930000001,04/06/2025 23:56:04,,-95,3.313,1903,,,,1903
waterlevel,DevEUI=A840415930000001,04/06/2025 21:56:05,,-96,3.353,1902,,,,1902
waterlevel,DevEUI=A840415930000001,04/06/2025 19:56:06,,-97,3.362,1901,,,,1901
waterlevel,DevEUI=A840415930000001,04/06/2025 17:56:06,,-95,3.364,1903,,,,1903
waterlevel,DevEUI=A840415930000001,04/06/2025 15:56:06,,-99,3.362,1896,,,,1896
waterlevel,DevEUI=A840415930000001,04/06/2025 13:56:07,,-96,3.344,1887,,,,1887
waterlevel,DevEUI=A840415930000001,04/06/2025 11:56:07,,-96,3.348,1850,,,,1850
waterlevel,DevEUI=A840415930000001,04/06/2025 09:56:08,,-96,3.333,1835,,,,1835
waterlevel,DevEUI=A840415930000001,04/06/2025 05:56:08,,-100,3.333,1822,,,,1822
waterlevel,DevEUI=A840415930000001,04/06/2025 03:56:09,,-95,3.333,1823,,,,1823
waterlevel,DevEUI=A840415930000001,04/06/2025 01:56:09,,-96,3.337,1826,,,,1826
waterlevel,DevEUI=A840415930000001,04/05/2025 23:56:09,,-94,3.337,1821,,,,1821
waterlevel,DevEUI=A840415930000001,04/05/2025 21:56:10,,-99,3.342,1823,,,,1823
waterlevel,DevEUI=A840415930000001,04/05/2025 19:56:10,,-97,3.346,1829,,,,1829
waterlevel,DevEUI=A840415930000001,04/05/2025 17:56:11,,-97,3.324,1893,,,,1893
waterlevel,DevEUI=A840415930000001,04/05/2025 15:56:10,,-94,3.351,1935,,,,1935
waterlevel,DevEUI=A840415930000001,04/05/2025 13:56:11,,-93,3.342,1929,,,,1929
waterlevel,DevEUI=A840415930000001,04/05/2025 11:56:11,,-96,3.337,1911,,,,1911
waterlevel,DevEUI=A840415930000001,04/05/2025 09:56:12,,-96,3.351,1909,,,,1909
waterlevel,DevEUI=A840415930000001,04/05/2025 07:56:13,,-97,3.348,1902,,,,1902
waterlevel,DevEUI=A840415930000001,04/05/2025 05:56:13,,-94,3.351,1904,,,,1904
waterlevel,DevEUI=A840415930000001,04/05/2025 03:56:13,,-96,3.353,1906,,,,1906
waterlevel,DevEUI=A840415930000001,04/05/2025 01:56:13,,-99,3.357,1911,,,,1911
waterlevel,DevEUI=A840415930000001,04/04/2025 23:56:13,,-99,3.357,1914,,,,1914
waterlevel,DevEUI=A840415930000001,04/04/2025 21:56:14,,-99,3.346,1919,,,,1919
waterlevel,DevEUI=A840415930000001,04/04/2025 19:56:15,,-111,3.348,1928,,,,1928
waterlevel,DevEUI=A840415930000001,04/04/2025 17:56:15,,-106,3.317,1942,,,,1942
waterlevel,DevEUI=A840415930000001,04/04/2025 15:56:16,,-125,3.306,1942,,,,1942
waterlevel,DevEUI=A840415930000001,04/04/2025 13:56:16,,-111,3.265,1935,,,,1935
waterlevel,DevEUI=A840415930000001,04/04/2025 11:56:17,,-109,3.355,1914,,,,1914
waterlevel,DevEUI=A840415930000001,04/04/2025 09:56:16,,-100,3.351,1910,,,,1910
waterlevel,DevEUI=A840415930000001,04/04/2025 07:56:17,,-102,3.346,1902,,,,1902
waterlevel,DevEUI=A840415930000001,04/04/2025 05:56:18,,-105,3.344,1903,,,,1903
waterlevel,DevEUI=A840415930000001,04/04/2025 03:56:18,,-108,3.353,1907,,,,1907
waterlevel,DevEUI=A840415930000001,04/04/2025 01:56:18,,-108,3.355,1909,,,,1909
waterlevel,DevEUI=A840415930000001,04/03/2025 23:56:19,,-111,3.357,1913,,,,1913
waterlevel,DevEUI=A840415930000001,04/03/2025 21:56:19,,-105,3.36,1917,,,,1917
waterlevel,DevEUI=A840415930000001,04/03/2025 19:56:19,,-114,3.366,1913,,,,1913
waterlevel,DevEUI=A840415930000001,04/03/2025 17:56:20,,-100,3.366,1922,,,,1922
waterlevel,DevEUI=A840415930000001,04/03/2025 15:56:21,,-98,3.324,1922,,,,1922
waterlevel,DevEUI=A840415930000001,04/03/2025 13:56:20,,-103,3.357,1905,,,,1905
waterlevel,DevEUI=A840415930000001,04/03/2025 11:56:21,,-99,3.351,1884,,,,1884
waterlevel,DevEUI=A840415930000001,04/03/2025 09:56:22,,-93,3.346,1881,,,,1881
waterlevel,DevEUI=A840415930000001,04/03/2025 07:56:22,,-99,3.337,1876,,,,1876
waterlevel,DevEUI=A840415930000001,04/03/2025 05:56:22,,-102,3.342,1873,,,,1873
waterlevel,DevEUI=A840415930000001,04/03/2025 03:56:23,,-103,3.346,1872,,,,1872
waterlevel,DevEUI=A840415930000001,04/03/2025 01:56:23,,-101,3.348,1873,,,,1873
waterlevel,DevEUI=A840415930000001,04/02/2025 23:56:24,,-101,3.353,1878,,,,1878
waterlevel,DevEUI=A840415930000001,04/02/2025 21:56:24,,-102,3.355,1882,,,,1882
waterlevel,DevEUI=A840415930000001,04/02/2025 19:56:24,,-100,3.357,1880,,,,1880
waterlevel,DevEUI=A840415930000001,04/02/2025 17:56:25,,-101,3.362,1890,,,,1890
waterlevel,DevEUI=A840415930000001,04/02/2025 15:56:25,,-96,3.362,1887,,,,1887
waterlevel,DevEUI=A840415930000001,04/02/2025 13:56:26,,-101,3.355,1876,,,,1876
waterlevel,DevEUI=A840415930000001,04/02/2025 11:56:26,,-101,3.342,1856,,,,1856
waterlevel,DevEUI=A840415930000001,04/02/2025 09:56:26,,-96,3.337,1857,,,,1857
waterlevel,DevEUI=A840415930000001,04/02/2025 07:56:27,,-99,3.304,1856,,,,1856
waterlevel,DevEUI=A840415930000001,04/02/2025 05:56:27,,-98,3.32,1830,,,,1830
waterlevel,DevEUI=A840415930000001,04/02/2025 03:56:27,,-95,3.32,1830,,,,1830
waterlevel,DevEUI=A840415930000001,04/02/2025 01:56:28,,-95,3.342,1831,,,,1831
waterlevel,DevEUI=A840415930000001,04/01/2025 23:56:27,,-96,3.306,1832,,,,1832
waterlevel,DevEUI=A840415930000001,04/01/2025 21:56:28,,-94,3.311,1841,,,,1841
waterlevel,DevEUI=A840415930000001,04/01/2025 19:56:28,,-95,3.355,1837,,,,1837
waterlevel,DevEUI=A840415930000001,04/01/2025 17:56:29,,-97,3.36,1840,,,,1840
waterlevel,DevEUI=A840415930000001,04/01/2025 15:56:30,,-98,3.357,1842,,,,1842
waterlevel,DevEUI=A840415930000001,04/01/2025 13:56:30,,-99,3.351,1823,,,,1823
waterlevel,DevEUI=A840415930000001,04/01/2025 11:56:30,,-97,3.34,1808,,,,1808
waterlevel,DevEUI=A840415930000001,04/01/2025 09:56:31,,-99,3.335,1807,,,,1807
waterlevel,DevEUI=A840415930000001,04/01/2025 07:56:31,,-99,3.298,1803,,,,1803
waterlevel,DevEUI=A840415930000001,04/01/2025 05:56:31,,-100,3.304,1800,,,,1800
waterlevel,DevEUI=A840415930000001,04/01/2025 03:56:32,,-96,3.322,1800,,,,1800
waterlevel,DevEUI=A840415930000001,04/01/2025 01:56:32,,-95,3.317,1801,,,,1801
waterlevel,DevEUI=A840415930000001,03/31/2025 23:56:33,,-97,3.342,1802,,,,1802
waterlevel,DevEUI=A840415930000001,03/31/2025 21:56:33,,-97,3.346,1800,,,,1800
waterlevel,DevEUI=A840415930000001,03/31/2025 19:56:33,,-97,3.353,1795,,,,1795
waterlevel,DevEUI=A840415930000001,03/31/2025 17:56:33,,-99,3.355,1804,,,,1804
waterlevel,DevEUI=A840415930000001,03/31/2025 15:56:34,,-99,3.355,1803,,,,1803
waterlevel,DevEUI=A840415930000001,03/31/2025 11:56:35,,-99,3.344,1776,,,,1776
waterlevel,DevEUI=A840415930000001,03/31/2025 09:56:35,,-99,3.337,1774,,,,1774
waterlevel,DevEUI=A840415930000001,03/31/2025 07:56:36,,-97,3.32,1771,,,,1771
waterlevel,DevEUI=A840415930000001,03/31/2025 05:56:36,,-97,3.322,1767,,,,1767
waterlevel,DevEUI=A840415930000001,03/31/2025 03:56:36,,-97,3.287,1767,,,,1767
waterlevel,DevEUI=A840415930000001,03/31/2025 01:56:37,,-97,3.335,1770,,,,1770
waterlevel,DevEUI=A840415930000001,03/30/2025 23:56:37,,-96,3.342,1771,,,,1771
waterlevel,DevEUI=A840415930000001,03/30/2025 21:56:37,,-95,3.348,1771,,,,1771
waterlevel,DevEUI=A840415930000001,03/30/2025 19:56:38,,-95,3.353,1770,,,,1770
waterlevel,DevEUI=A840415930000001,03/30/2025 17:56:37,,-101,3.353,1767,,,,1767
waterlevel,DevEUI=A840415930000001,03/30/2025 15:56:39,,-97,3.351,1865,,,,1865
waterlevel,DevEUI=A840415930000001,03/30/2025 13:56:39,,-97,3.348,1916,,,,1916
waterlevel,DevEUI=A840415930000001,03/30/2025 11:56:39,,-96,3.342,1906,,,,1906
waterlevel,DevEUI=A840415930000001,03/30/2025 09:56:39,,-92,3.335,1903,,,,1903
waterlevel,DevEUI=A840415930000001,03/30/2025 07:56:40,,-93,3.315,1901,,,,1901
waterlevel,DevEUI=A840415930000001,03/30/2025 05:56:40,,-94,3.331,1902,,,,1902
waterlevel,DevEUI=A840415930000001,03/30/2025 03:56:40,,-95,3.328,1902,,,,1902
waterlevel,DevEUI=A840415930000001,03/30/2025 00:56:41,,-91,3.331,1902,,,,1902
waterlevel,DevEUI=A840415930000001,03/29/2025 22:56:41,,-95,3.326,1902,,,,1902
waterlevel,DevEUI=A840415930000001,03/29/2025 20:56:40,,-95,3.3,1905,,,,1905
waterlevel,DevEUI=A840415930000001,03/29/2025 18:56:42,,-96,3.351,1912,,,,1912
waterlevel,DevEUI=A840415930000001,03/29/2025 16:56:43,,-92,3.353,1924,,,,1924
waterlevel,DevEUI=A840415930000001,03/29/2025 14:56:43,,-91,3.353,1921,,,,1921
waterlevel,DevEUI=A840415930000001,03/29/2025 12:56:43,,-93,3.344,1910,,,,1910
waterlevel,DevEUI=A840415930000001,03/29/2025 10:56:44,,-94,3.324,1903,,,,1903
waterlevel,DevEUI=A840415930000001,03/29/2025 08:56:43,,-93,3.283,1900,,,,1900
waterlevel,DevEUI=A840415930000001,03/29/2025 06:56:44,,-89,3.287,1898,,,,1898
waterlevel,DevEUI=A840415930000001,03/29/2025 04:56:45,,-90,3.298,1898,,,,1898
waterlevel,DevEUI=A840415930000001,03/29/2025 02:56:45,,-91,3.3,1899,,,,1899
waterlevel,DevEUI=A840415930000001,03/29/2025 00:56:45,,-90,3.3,1899,,,,1899
waterlevel,DevEUI=A840415930000001,03/28/2025 22:56:45,,-93,3.331,1902,,,,1902
waterlevel,DevEUI=A840415930000001,03/28/2025 20:56:46,,-91,3.333,1901,,,,1901
waterlevel,DevEUI=A840415930000001,03/28/2025 18:56:46,,-91,3.34,1902,,,,1902
waterlevel,DevEUI=A840415930000001,03/28/2025 16:56:47,,-91,3.344,1909,,,,1909
waterlevel,DevEUI=A840415930000001,03/28/2025 14:56:47,,-93,3.344,1910,,,,1910
waterlevel,DevEUI=A840415930000001,03/28/2025 12:56:48,,-101,3.344,1912,,,,1912
waterlevel,DevEUI=A840415930000001,03/28/2025 10:56:47,,-101,3.306,1907,,,,1907
waterlevel,DevEUI=A840415930000001,03/28/2025 08:56:48,,-99,3.34,1905,,,,1905
waterlevel,DevEUI=A840415930000001,03/28/2025 06:56:49,,-101,3.313,1901,,,,1901
waterlevel,DevEUI=A840415930000001,03/28/2025 04:56:47,,-100,3.287,1901,,,,1901
waterlevel,DevEUI=A840415930000001,03/28/2025 02:56:49,,-99,3.302,1901,,,,1901
waterlevel,DevEUI=A840415930000001,03/28/2025 00:56:49,,-98,3.335,1902,,,,1902
waterlevel,DevEUI=A840415930000001,03/27/2025 22:56:50,,-101,3.337,1905,,,,1905
waterlevel,DevEUI=A840415930000001,03/27/2025 20:56:50,,-99,3.351,1910,,,,1910
waterlevel,DevEUI=A840415930000001,03/27/2025 18:56:51,,-99,3.355,1919,,,,1919
waterlevel,DevEUI=A840415930000001,03/27/2025 16:56:51,,-99,3.36,1933,,,,1933
waterlevel,DevEUI=A840415930000001,03/27/2025 14:56:52,,-99,3.353,1932,,,,1932
waterlevel,DevEUI=A840415930000001,03/27/2025 12:56:52,,-102,3.346,1919,,,,1919
waterlevel,DevEUI=A840415930000001,03/27/2025 10:56:52,,-101,3.333,1904,,,,1904
waterlevel,DevEUI=A840415930000001,03/27/2025 08:56:53,,-99,3.3,1900,,,,1900
waterlevel,DevEUI=A840415930000001,03/27/2025 06:56:52,,-101,3.287,1898,,,,1898
waterlevel,DevEUI=A840415930000001,03/27/2025 04:56:53,,-97,3.283,1899,,,,1899
waterlevel,DevEUI=A840415930000001,03/27/2025 02:56:54,,-99,3.298,1900,,,,1900
waterlevel,DevEUI=A840415930000001,03/27/2025 00:56:54,,-99,3.3,1900,,,,1900
waterlevel,DevEUI=A840415930000001,03/26/2025 22:56:53,,-97,3.289,1903,,,,1903
waterlevel,DevEUI=A840415930000001,03/26/2025 20:56:55,,-96,3.34,1904,,,,1904
waterlevel,DevEUI=A840415930000001,03/26/2025 18:56:55,,-96,3.346,1911,,,,1911
waterlevel,DevEUI=A840415930000001,03/26/2025 16:56:56,,-97,3.353,1920,,,,1920
waterlevel,DevEUI=A840415930000001,03/26/2025 14:56:56,,-96,3.348,1918,,,,1918
waterlevel,DevEUI=A840415930000001,03/26/2025 12:56:56,,-96,3.335,1913,,,,1913
waterlevel,DevEUI=A840415930000001,03/26/2025 10:56:57,,-95,3.335,1905,,,,1905
waterlevel,DevEUI=A840415930000001,03/26/2025 08:56:57,,-99,3.333,1902,,,,1902
waterlevel,DevEUI=A840415930000001,03/26/2025 06:56:57,,-96,3.296,1900,,,,1900
waterlevel,DevEUI=A840415930000001,03/26/2025 04:56:58,,-96,3.328,1907,,,,1907
waterlevel,DevEUI=A840415930000001,03/26/2025 02:56:58,,-97,3.335,1904,,,,1904
waterlevel,DevEUI=A840415930000001,03/26/2025 00:56:58,,-95,3.337,1905,,,,1905
waterlevel,DevEUI=A840415930000001,03/25/2025 22:56:59,,-96,3.344,1905,,,,1905
waterlevel,DevEUI=A840415930000001,03/25/2025 20:56:58,,-99,3.309,1907,,,,1907
waterlevel,DevEUI=A840415930000001,03/25/2025 18:57:00,,-105,3.342,1915,,,,1915
waterlevel,DevEUI=A840415930000001,03/25/2025 16:56:59,,-103,3.348,1920,,,,1920
waterlevel,DevEUI=A840415930000001,03/25/2025 14:57:00,,-103,3.351,1925,,,,1925
waterlevel,DevEUI=A840415930000001,03/25/2025 12:57:01,,-103,3.344,1913,,,,1913
waterlevel,DevEUI=A840415930000001,03/25/2025 10:57:01,,-102,3.337,1905,,,,1905
waterlevel,DevEUI=A840415930000001,03/25/2025 08:57:01,,-101,3.3,1889,,,,1889
waterlevel,DevEUI=A840415930000001,03/25/2025 06:57:02,,-101,3.291,1877,,,,1877
waterlevel,DevEUI=A840415930000001,03/25/2025 04:57:02,,-103,3.293,1880,,,,1880
waterlevel,DevEUI=A840415930000001,03/25/2025 02:57:02,,-101,3.298,1881,,,,1881
waterlevel,DevEUI=A840415930000001,03/25/2025 00:57:02,,-103,3.302,1878,,,,1878
waterlevel,DevEUI=A840415930000001,03/24/2025 22:57:03,,-103,3.333,1880,,,,1880
waterlevel,DevEUI=A840415930000001,03/24/2025 20:57:04,,-101,3.342,1872,,,,1872
waterlevel,DevEUI=A840415930000001,03/24/2025 18:57:04,,-101,3.344,1876,,,,1876
waterlevel,DevEUI=A840415930000001,03/24/2025 16:57:04,,-105,3.346,1871,,,,1871
waterlevel,DevEUI=A840415930000001,03/24/2025 14:57:05,,-103,3.346,1871,,,,1871
waterlevel,DevEUI=A840415930000001,03/24/2025 12:57:05,,-105,3.346,1871,,,,1871
waterlevel,DevEUI=A840415930000001,03/24/2025 10:57:05,,-106,3.342,1867,,,,1867
waterlevel,DevEUI=A840415930000001,03/24/2025 08:57:06,,-103,3.335,1864,,,,1864
waterlevel,DevEUI=A840415930000001,03/24/2025 06:57:06,,-103,3.333,1864,,,,1864
waterlevel,DevEUI=A840415930000001,03/24/2025 04:57:06,,-102,3.333,1858,,,,1858
waterlevel,DevEUI=A840415930000001,03/24/2025 02:57:07,,-102,3.34,1859,,,,1859
waterlevel,DevEUI=A840415930000001,03/24/2025 00:57:07,,-103,3.337,1860,,,,1860
waterlevel,DevEUI=A840415930000001,03/23/2025 22:57:08,,-102,3.342,1862,,,,1862
waterlevel,DevEUI=A840415930000001,03/23/2025 20:57:08,,-102,3.348,1865,,,,1865
waterlevel,DevEUI=A840415930000001,03/23/2025 18:57:08,,-101,3.351,1864,,,,1864
waterlevel,DevEUI=A840415930000001,03/23/2025 16:57:09,,-101,3.353,1863,,,,1863
waterlevel,DevEUI=A840415930000001,03/23/2025 14:57:09,,-102,3.353,1849,,,,1849
waterlevel,DevEUI=A840415930000001,03/23/2025 12:57:09,,-100,3.351,1839,,,,1839
waterlevel,DevEUI=A840415930000001,03/23/2025 10:57:09,,-99,3.344,1820,,,,1820
waterlevel,DevEUI=A840415930000001,03/23/2025 08:57:10,,-102,3.337,1800,,,,1800
waterlevel,DevEUI=A840415930000001,03/23/2025 06:57:11,,-101,3.335,1793,,,,1793
waterlevel,DevEUI=A840415930000001,03/23/2025 04:57:11,,-98,3.335,1792,,,,1792
waterlevel,DevEUI=A840415930000001,03/23/2025 02:57:11,,-95,3.337,1794,,,,1794
waterlevel,DevEUI=A840415930000001,03/23/2025 00:57:12,,-96,3.342,1796,,,,1796
waterlevel,DevEUI=A840415930000001,03/22/2025 22:57:12,,-117,3.344,1807,,,,1807
waterlevel,DevEUI=A840415930000001,03/22/2025 20:57:12,,-111,3.344,1804,,,,1804
waterlevel,DevEUI=A840415930000001,03/22/2025 18:57:13,,-109,3.348,1810,,,,1810
waterlevel,DevEUI=A840415930000001,03/22/2025 16:57:13,,-109,3.348,1794,,,,1794
waterlevel,DevEUI=A840415930000001,03/22/2025 14:57:14,,-107,3.348,1792,,,,1792
waterlevel,DevEUI=A840415930000001,03/22/2025 12:57:14,,-113,3.348,1789,,,,1789
waterlevel,DevEUI=A840415930000001,03/22/2025 10:57:14,,-109,3.344,1783,,,,1783
waterlevel,DevEUI=A840415930000001,03/22/2025 08:57:15,,-114,3.34,1777,,,,1777
waterlevel,DevEUI=A840415930000001,03/22/2025 06:57:15,,-105,3.342,1766,,,,1766
waterlevel,DevEUI=A840415930000001,03/22/2025 04:57:15,,-105,3.337,1767,,,,1767
waterlevel,DevEUI=A840415930000001,03/22/2025 02:57:16,,-105,3.342,1767,,,,1767
waterlevel,DevEUI=A840415930000001,03/22/2025 00:57:15,,-107,3.311,1768,,,,1768
waterlevel,DevEUI=A840415930000001,03/21/2025 22:57:16,,-105,3.346,1765,,,,1765
waterlevel,DevEUI=A840415930000001,03/21/2025 20:57:17,,-105,3.346,1766,,,,1766
waterlevel,DevEUI=A840415930000001,03/21/2025 18:57:17,,-106,3.353,1765,,,,1765
waterlevel,DevEUI=A840415930000001,03/21/2025 16:57:18,,-111,3.337,1769,,,,1769
waterlevel,DevEUI=A840415930000001,03/21/2025 14:57:18,,-103,3.353,1771,,,,1771
waterlevel,DevEUI=A840415930000001,03/21/2025 12:57:18,,-112,3.348,1765,,,,1765
waterlevel,DevEUI=A840415930000001,03/21/2025 10:57:19,,-103,3.342,1756,,,,1756
waterlevel,DevEUI=A840415930000001,03/21/2025 08:57:19,,-112,3.331,1749,,,,1749
waterlevel,DevEUI=A840415930000001,03/21/2025 06:57:20,,-106,3.306,1744,,,,1744
waterlevel,DevEUI=A840415930000001,03/21/2025 04:57:20,,-106,3.313,1745,,,,1745
waterlevel,DevEUI=A840415930000001,03/21/2025 02:57:20,,-107,3.331,1746,,,,1746
waterlevel,DevEUI=A840415930000001,03/21/2025 00:57:20,,-103,3.291,1748,,,,1748
waterlevel,DevEUI=A840415930000001,03/20/2025 22:57:21,,-105,3.344,1748,,,,1748
waterlevel,DevEUI=A840415930000001,03/20/2025 20:57:21,,-111,3.348,1746,,,,1746
waterlevel,DevEUI=A840415930000001,03/20/2025 16:57:22,,-105,3.357,1739,,,,1739
waterlevel,DevEUI=A840415930000001,03/20/2025 14:57:23,,-105,3.353,1765,,,,1765
waterlevel,DevEUI=A840415930000001,03/20/2025 12:57:23,,-109,3.348,1754,,,,1754
waterlevel,DevEUI=A840416891000002,05/09/2025 14:47:39,,-114,3.36,1976,,,,1976
waterlevel,DevEUI=A840416891000002,05/09/2025 12:47:35,,-115,3.36,1976,,,,1976
waterlevel,DevEUI=A840416891000002,05/09/2025 10:47:32,,-109,3.324,1976,,,,1976
waterlevel,DevEUI=A840416891000002,05/09/2025 08:47:28,,-109,3.351,1978,,,,1978
waterlevel,DevEUI=A840416891000002,05/09/2025 06:47:24,,-114,3.36,1977,,,,1977
waterlevel,DevEUI=A840416891000002,05/09/2025 04:47:21,,-113,3.335,1977,,,,1977
waterlevel,DevEUI=A840416891000002,05/09/2025 02:47:18,,-113,3.326,1977,,,,1977
waterlevel,DevEUI=A840416891000002,05/09/2025 00:47:14,,-113,3.328,1977,,,,1977
waterlevel,DevEUI=A840416891000002,05/08/2025 22:47:11,,-122,3.36,1977,,,,1977
waterlevel,DevEUI=A840416891000002,05/08/2025 20:47:08,,-119,3.333,1976,,,,1976
waterlevel,DevEUI=A840416891000002,05/08/2025 18:47:05,,-109,3.36,1975,,,,1975
waterlevel,DevEUI=A840416891000002,05/08/2025 16:47:01,,-109,3.337,1964,,,,1964
waterlevel,DevEUI=A840416891000002,05/08/2025 14:46:57,,-109,3.36,1964,,,,1964
waterlevel,DevEUI=A840416891000002,05/08/2025 12:46:54,,-115,3.326,1964,,,,1964
waterlevel,DevEUI=A840416891000002,05/08/2025 10:46:51,,-107,3.339,1964,,,,1964
waterlevel,DevEUI=A840416891000002,05/08/2025 08:46:48,,-105,3.319,1965,,,,1965
waterlevel,DevEUI=A840416891000002,05/08/2025 06:46:44,,-120,3.319,1965,,,,1965
waterlevel,DevEUI=A840416891000002,05/08/2025 04:46:40,,-119,3.36,1965,,,,1965
waterlevel,DevEUI=A840416891000002,05/08/2025 02:46:37,,-124,3.36,1965,,,,1965
waterlevel,DevEUI=A840416891000002,05/08/2025 00:46:34,,-114,3.324,1965,,,,1965
waterlevel,DevEUI=A840416891000002,05/07/2025 22:46:30,,-112,3.357,1965,,,,1965
waterlevel,DevEUI=A840416891000002,05/07/2025 20:46:27,,-115,3.357,1965,,,,1965
waterlevel,DevEUI=A840416891000002,05/07/2025 18:46:24,,-105,3.36,1965,,,,1965
waterlevel,DevEUI=A840416891000002,05/07/2025 16:46:20,,-107,3.317,1965,,,,1965
waterlevel,DevEUI=A840416891000002,05/07/2025 14:46:17,,-105,3.362,1965,,,,1965
waterlevel,DevEUI=A840416891000002,05/07/2025 10:46:10,,-106,3.357,1965,,,,1965
waterlevel,DevEUI=A840416891000002,05/07/2025 08:46:07,,-103,3.333,1965,,,,1965
waterlevel,DevEUI=A840416891000002,05/07/2025 06:46:03,,-102,3.357,1965,,,,1965
waterlevel,DevEUI=A840416891000002,05/07/2025 04:45:59,,-101,3.335,1966,,,,1966
waterlevel,DevEUI=A840416891000002,05/07/2025 02:45:56,,-100,3.36,1966,,,,1966
waterlevel,DevEUI=A840416891000002,05/07/2025 00:45:53,,-103,3.326,1966,,,,1966
waterlevel,DevEUI=A840416891000002,05/06/2025 22:45:50,,-105,3.357,1966,,,,1966
waterlevel,DevEUI=A840416891000002,05/06/2025 20:45:45,,-107,3.357,1966,,,,1966
waterlevel,DevEUI=A840416891000002,05/06/2025 18:45:42,,-103,3.357,1966,,,,1966
waterlevel,DevEUI=A840416891000002,05/06/2025 16:45:39,,-105,3.357,1952,,,,1952
waterlevel,DevEUI=A840416891000002,05/06/2025 14:45:36,,-105,3.339,1951,,,,1951
waterlevel,DevEUI=A840416891000002,05/06/2025 12:45:33,,-102,3.337,1951,,,,1951
waterlevel,DevEUI=A840416891000002,05/06/2025 10:45:29,,-103,3.319,1951,,,,1951
waterlevel,DevEUI=A840416891000002,05/06/2025 08:45:26,,-102,3.335,1951,,,,1951
waterlevel,DevEUI=A840416891000002,05/06/2025 06:45:22,,-102,3.333,1951,,,,1951
waterlevel,DevEUI=A840416891000002,05/06/2025 04:45:19,,-105,3.319,1951,,,,1951
waterlevel,DevEUI=A840416891000002,05/06/2025 02:45:16,,-103,3.317,1951,,,,1951
waterlevel,DevEUI=A840416891000002,05/06/2025 00:45:12,,-100,3.333,1951,,,,1951
waterlevel,DevEUI=A840416891000002,05/05/2025 22:45:08,,-103,3.337,1951,,,,1951
waterlevel,DevEUI=A840416891000002,05/05/2025 20:45:05,,-105,3.322,1952,,,,1952
waterlevel,DevEUI=A840416891000002,05/05/2025 18:45:02,,-105,3.339,1952,,,,1952
waterlevel,DevEUI=A840416891000002,05/05/2025 16:44:59,,-106,3.322,1952,,,,1952
waterlevel,DevEUI=A840416891000002,05/05/2025 14:44:55,,-106,3.357,1953,,,,1953
waterlevel,DevEUI=A840416891000002,05/05/2025 12:44:52,,-103,3.357,1953,,,,1953
waterlevel,DevEUI=A840416891000002,05/05/2025 10:44:48,,-102,3.36,1953,,,,1953
waterlevel,DevEUI=A840416891000002,05/05/2025 08:44:45,,-101,3.339,1953,,,,1953
waterlevel,DevEUI=A840416891000002,05/05/2025 06:44:42,,-102,3.355,1953,,,,1953
waterlevel,DevEUI=A840416891000002,05/05/2025 04:44:37,,-103,3.357,1954,,,,1954
waterlevel,DevEUI=A840416891000002,05/05/2025 02:44:34,,-103,3.333,1956,,,,1956
waterlevel,DevEUI=A840416891000002,05/05/2025 00:44:31,,-103,3.357,1957,,,,1957
waterlevel,DevEUI=A840416891000002,05/04/2025 22:44:28,,-105,3.28,1958,,,,1958
waterlevel,DevEUI=A840416891000002,05/04/2025 20:44:25,,-107,3.333,1958,,,,1958
waterlevel,DevEUI=A840416891000002,05/04/2025 18:44:21,,-108,3.333,1958,,,,1958
waterlevel,DevEUI=A840416891000002,05/04/2025 16:44:18,,-103,3.357,1943,,,,1943
waterlevel,DevEUI=A840416891000002,05/04/2025 14:44:14,,-107,3.36,1943,,,,1943
waterlevel,DevEUI=A840416891000002,05/04/2025 12:44:11,,-108,3.357,1943,,,,1943
waterlevel,DevEUI=A840416891000002,05/04/2025 10:44:08,,-107,3.357,1943,,,,1943
waterlevel,DevEUI=A840416891000002,05/04/2025 08:44:04,,-101,3.319,1943,,,,1943
waterlevel,DevEUI=A840416891000002,05/04/2025 06:44:00,,-102,3.357,1943,,,,1943
waterlevel,DevEUI=A840416891000002,05/04/2025 04:43:58,,-105,3.324,1943,,,,1943
waterlevel,DevEUI=A840416891000002,05/04/2025 02:43:54,,-101,3.36,1943,,,,1943
waterlevel,DevEUI=A840416891000002,05/04/2025 00:43:51,,-103,3.326,1943,,,,1943
waterlevel,DevEUI=A840416891000002,05/03/2025 22:43:47,,-105,3.357,1943,,,,1943
waterlevel,DevEUI=A840416891000002,05/03/2025 20:43:44,,-105,3.357,1943,,,,1943
waterlevel,DevEUI=A840416891000002,05/03/2025 18:43:41,,-109,3.339,1943,,,,1943
waterlevel,DevEUI=A840416891000002,05/03/2025 16:43:37,,-107,3.357,1943,,,,1943
waterlevel,DevEUI=A840416891000002,05/03/2025 14:43:33,,-105,3.322,1943,,,,1943
waterlevel,DevEUI=A840416891000002,05/03/2025 12:43:30,,-107,3.315,1943,,,,1943
waterlevel,DevEUI=A840416891000002,05/03/2025 10:43:27,,-106,3.326,1943,,,,1943
waterlevel,DevEUI=A840416891000002,05/03/2025 08:43:24,,-106,3.357,1943,,,,1943
waterlevel,DevEUI=A840416891000002,05/03/2025 06:43:20,,-105,3.342,1943,,,,1943
waterlevel,DevEUI=A840416891000002,05/03/2025 04:43:17,,-103,3.33,1943,,,,1943
waterlevel,DevEUI=A840416891000002,05/03/2025 02:43:13,,-107,3.337,1943,,,,1943
waterlevel,DevEUI=A840416891000002,05/03/2025 00:43:10,,-105,3.357,1944,,,,1944
waterlevel,DevEUI=A840416891000002,05/02/2025 22:43:07,,-105,3.315,1944,,,,1944
waterlevel,DevEUI=A840416891000002,05/02/2025 20:43:03,,-102,3.339,1944,,,,1944
waterlevel,DevEUI=A840416891000002,05/02/2025 18:43:00,,-109,3.337,1944,,,,1944
waterlevel,DevEUI=A840416891000002,05/02/2025 16:42:57,,-109,3.357,1944,,,,1944
waterlevel,DevEUI=A840416891000002,05/02/2025 14:42:52,,-109,3.357,1944,,,,1944
waterlevel,DevEUI=A840416891000002,05/02/2025 12:42:50,,-111,3.357,1944,,,,1944
waterlevel,DevEUI=A840416891000002,05/02/2025 10:42:46,,-105,3.328,1932,,,,1932
waterlevel,DevEUI=A840416891000002,05/02/2025 08:42:43,,-107,3.333,1932,,,,1932
waterlevel,DevEUI=A840416891000002,05/02/2025 06:42:39,,-105,3.339,1932,,,,1932
waterlevel,DevEUI=A840416891000002,05/02/2025 04:42:36,,-103,3.333,1932,,,,1932
waterlevel,DevEUI=A840416891000002,05/02/2025 02:42:33,,-107,3.355,1932,,,,1932
waterlevel,DevEUI=A840416891000002,05/02/2025 00:42:29,,-107,3.328,1932,,,,1932
waterlevel,DevEUI=A840416891000002,05/01/2025 22:42:26,,-108,3.355,1931,,,,1931
waterlevel,DevEUI=A840416891000002,05/01/2025 18:42:19,,-107,3.357,1931,,,,1931
waterlevel,DevEUI=A840416891000002,05/01/2025 16:42:16,,-106,3.324,1931,,,,1931
waterlevel,DevEUI=A840416891000002,05/01/2025 14:42:12,,-107,3.333,1931,,,,1931
waterlevel,DevEUI=A840416891000002,05/01/2025 12:42:09,,-109,3.355,1931,,,,1931
waterlevel,DevEUI=A840416891000002,05/01/2025 10:42:06,,-107,3.339,1931,,,,1931
waterlevel,DevEUI=A840416891000002,05/01/2025 08:42:02,,-103,3.337,1931,,,,1931
waterlevel,DevEUI=A840416891000002,05/01/2025 06:41:58,,-103,3.357,1931,,,,1931
waterlevel,DevEUI=A840416891000002,05/01/2025 04:41:55,,-102,3.355,1931,,,,1931
waterlevel,DevEUI=A840416891000002,05/01/2025 02:41:52,,-105,3.357,1931,,,,1931
waterlevel,DevEUI=A840416891000002,05/01/2025 00:41:49,,-105,3.324,1931,,,,1931
waterlevel,DevEUI=A840416891000002,04/30/2025 22:41:45,,-107,3.313,1931,,,,1931
waterlevel,DevEUI=A840416891000002,04/30/2025 20:41:41,,-109,3.355,1911,,,,1911
waterlevel,DevEUI=A840416891000002,04/30/2025 18:41:38,,-113,3.355,1910,,,,1910
waterlevel,DevEUI=A840416891000002,04/30/2025 16:41:35,,-107,3.357,1909,,,,1909
waterlevel,DevEUI=A840416891000002,04/30/2025 14:41:32,,-107,3.337,1909,,,,1909
waterlevel,DevEUI=A840416891000002,04/30/2025 12:41:28,,-109,3.337,1909,,,,1909
waterlevel,DevEUI=A840416891000002,04/30/2025 10:41:25,,-107,3.324,1909,,,,1909
waterlevel,DevEUI=A840416891000002,04/30/2025 08:41:22,,-103,3.355,1909,,,,1909
waterlevel,DevEUI=A840416891000002,04/30/2025 06:41:18,,-105,3.357,1910,,,,1910
waterlevel,DevEUI=A840416891000002,04/30/2025 04:41:15,,-103,3.353,1910,,,,1910
waterlevel,DevEUI=A840416891000002,04/30/2025 02:41:11,,-105,3.355,1910,,,,1910
waterlevel,DevEUI=A840416891000002,04/30/2025 00:41:08,,-103,3.355,1910,,,,1910
waterlevel,DevEUI=A840416891000002,04/29/2025 22:41:04,,-103,3.353,1910,,,,1910
waterlevel,DevEUI=A840416891000002,04/29/2025 20:41:01,,-106,3.355,1910,,,,1910
waterlevel,DevEUI=A840416891000002,04/29/2025 18:40:58,,-109,3.353,1908,,,,1908
waterlevel,DevEUI=A840416891000002,04/29/2025 16:40:54,,-105,3.355,1900,,,,1900
waterlevel,DevEUI=A840416891000002,04/29/2025 14:40:51,,-111,3.355,1900,,,,1900
waterlevel,DevEUI=A840416891000002,04/29/2025 12:40:47,,-112,3.355,1900,,,,1900
waterlevel,DevEUI=A840416891000002,04/29/2025 10:40:45,,-109,3.337,1900,,,,1900
waterlevel,DevEUI=A840416891000002,04/29/2025 08:40:41,,-107,3.353,1899,,,,1899
waterlevel,DevEUI=A840416891000002,04/29/2025 06:40:37,,-103,3.353,1900,,,,1900
waterlevel,DevEUI=A840416891000002,04/29/2025 04:40:34,,-103,3.355,1900,,,,1900
waterlevel,DevEUI=A840416891000002,04/29/2025 02:40:31,,-102,3.333,1900,,,,1900
waterlevel,DevEUI=A840416891000002,04/29/2025 00:40:28,,-108,3.355,1900,,,,1900
waterlevel,DevEUI=A840416891000002,04/28/2025 22:40:24,,-105,3.293,1900,,,,1900
waterlevel,DevEUI=A840416891000002,04/28/2025 20:40:21,,-103,3.353,1900,,,,1900
waterlevel,DevEUI=A840416891000002,04/28/2025 18:40:18,,-103,3.351,1891,,,,1891
waterlevel,DevEUI=A840416891000002,04/28/2025 16:40:14,,-108,3.355,1891,,,,1891
waterlevel,DevEUI=A840416891000002,04/28/2025 14:40:11,,-96,3.353,1891,,,,1891
waterlevel,DevEUI=A840416891000002,04/28/2025 12:40:07,,-105,3.353,1891,,,,1891
waterlevel,DevEUI=A840416891000002,04/28/2025 10:40:04,,-103,3.328,1891,,,,1891
waterlevel,DevEUI=A840416891000002,04/28/2025 08:40:00,,-102,3.353,1891,,,,1891
waterlevel,DevEUI=A840416891000002,04/28/2025 06:39:57,,-100,3.353,1891,,,,1891
waterlevel,DevEUI=A840416891000002,04/28/2025 04:39:54,,-87,3.353,1891,,,,1891
waterlevel,DevEUI=A840416891000002,04/28/2025 02:39:51,,-100,3.353,1891,,,,1891
waterlevel,DevEUI=A840416891000002,04/28/2025 00:39:47,,-101,3.353,1891,,,,1891
waterlevel,DevEUI=A840416891000002,04/27/2025 22:39:43,,-103,3.353,1891,,,,1891
waterlevel,DevEUI=A840416891000002,04/27/2025 20:39:40,,-102,3.353,1892,,,,1892
waterlevel,DevEUI=A840416891000002,04/27/2025 16:39:34,,-99,3.353,1883,,,,1883
waterlevel,DevEUI=A840416891000002,04/27/2025 12:39:27,,-101,3.353,1883,,,,1883
waterlevel,DevEUI=A840416891000002,04/27/2025 10:39:24,,-105,3.351,1883,,,,1883
waterlevel,DevEUI=A840416891000002,04/27/2025 08:39:20,,-102,3.351,1883,,,,1883
waterlevel,DevEUI=A840416891000002,04/27/2025 06:39:17,,-105,3.353,1883,,,,1883
waterlevel,DevEUI=A840416891000002,04/27/2025 04:39:14,,-103,3.353,1883,,,,1883
waterlevel,DevEUI=A840416891000002,04/27/2025 02:39:10,,-103,3.353,1883,,,,1883
waterlevel,DevEUI=A840416891000002,04/27/2025 00:39:07,,-100,3.353,1883,,,,1883
waterlevel,DevEUI=A840416891000002,04/26/2025 22:39:03,,-100,3.353,1883,,,,1883
waterlevel,DevEUI=A840416891000002,04/26/2025 20:39:00,,-99,3.353,1883,,,,1883
waterlevel,DevEUI=A840416891000002,04/26/2025 18:38:57,,-103,3.351,1883,,,,1883
waterlevel,DevEUI=A840416891000002,04/26/2025 16:38:53,,-103,3.353,1882,,,,1882
waterlevel,DevEUI=A840416891000002,04/26/2025 14:38:49,,-100,3.351,1881,,,,1881
waterlevel,DevEUI=A840416891000002,04/26/2025 12:38:46,,-107,3.351,1881,,,,1881
waterlevel,DevEUI=A840416891000002,04/26/2025 10:38:43,,-108,3.355,1869,,,,1869
waterlevel,DevEUI=A840416891000002,04/26/2025 08:38:40,,-114,3.351,1860,,,,1860
waterlevel,DevEUI=A840416891000002,04/26/2025 06:38:36,,-111,3.351,1860,,,,1860
waterlevel,DevEUI=A840416891000002,04/26/2025 04:38:33,,-111,3.353,1860,,,,1860
waterlevel,DevEUI=A840416891000002,04/26/2025 02:38:30,,-113,3.351,1860,,,,1860
waterlevel,DevEUI=A840416891000002,04/26/2025 00:38:26,,-114,3.351,1860,,,,1860
waterlevel,DevEUI=A840416891000002,04/25/2025 22:38:23,,-115,3.351,1860,,,,1860
waterlevel,DevEUI=A840416891000002,04/25/2025 20:38:20,,-114,3.351,1860,,,,1860
waterlevel,DevEUI=A840416891000002,04/25/2025 18:38:16,,-112,3.351,1860,,,,1860
waterlevel,DevEUI=A840416891000002,04/25/2025 16:38:13,,-116,3.353,1860,,,,1860
waterlevel,DevEUI=A840416891000002,04/25/2025 14:38:10,,-103,3.353,1860,,,,1860
waterlevel,DevEUI=A840416891000002,04/25/2025 12:38:06,,-103,3.353,1859,,,,1859
waterlevel,DevEUI=A840416891000002,04/25/2025 10:38:03,,-102,3.351,1853,,,,1853
waterlevel,DevEUI=A840416891000002,04/25/2025 08:38:00,,-102,3.351,1853,,,,1853
waterlevel,DevEUI=A840416891000002,04/25/2025 06:37:56,,-105,3.351,1853,,,,1853
waterlevel,DevEUI=A840416891000002,04/25/2025 04:37:53,,-105,3.351,1853,,,,1853
waterlevel,DevEUI=A840416891000002,04/25/2025 02:37:49,,-103,3.351,1853,,,,1853
waterlevel,DevEUI=A840416891000002,04/25/2025 00:37:45,,-103,3.348,1853,,,,1853
waterlevel,DevEUI=A840416891000002,04/24/2025 22:37:42,,-105,3.351,1853,,,,1853
waterlevel,DevEUI=A840416891000002,04/24/2025 20:37:39,,-103,3.348,1853,,,,1853
waterlevel,DevEUI=A840416891000002,04/24/2025 18:37:35,,-104,3.351,1853,,,,1853
waterlevel,DevEUI=A840416891000002,04/24/2025 16:37:33,,-103,3.348,1853,,,,1853
waterlevel,DevEUI=A840416891000002,04/24/2025 14:37:29,,-107,3.351,1853,,,,1853
waterlevel,DevEUI=A840416891000002,04/24/2025 12:37:26,,-105,3.351,1853,,,,1853
waterlevel,DevEUI=A840416891000002,04/24/2025 10:37:23,,-107,3.351,1853,,,,1853
waterlevel,DevEUI=A840416891000002,04/24/2025 08:37:19,,-102,3.351,1853,,,,1853
waterlevel,DevEUI=A840416891000002,04/24/2025 06:37:15,,-107,3.351,1855,,,,1855
waterlevel,DevEUI=A840416891000002,04/24/2025 04:37:13,,-103,3.333,1858,,,,1858
waterlevel,DevEUI=A840416891000002,04/24/2025 02:37:09,,-102,3.351,1864,,,,1864
waterlevel,DevEUI=A840416891000002,04/24/2025 00:37:06,,-102,3.353,1864,,,,1864
waterlevel,DevEUI=A840416891000002,04/23/2025 22:37:02,,-103,3.351,1864,,,,1864
waterlevel,DevEUI=A840416891000002,04/23/2025 20:36:59,,-101,3.351,1864,,,,1864
waterlevel,DevEUI=A840416891000002,04/23/2025 18:36:56,,-102,3.339,1864,,,,1864
waterlevel,DevEUI=A840416891000002,04/23/2025 16:36:52,,-101,3.351,1864,,,,1864
waterlevel,DevEUI=A840416891000002,04/23/2025 14:36:49,,-102,3.351,1864,,,,1864
waterlevel,DevEUI=A840416891000002,04/23/2025 12:36:46,,-100,3.351,1864,,,,1864
waterlevel,DevEUI=A840416891000002,04/23/2025 10:36:42,,-102,3.351,1870,,,,1870
waterlevel,DevEUI=A840416891000002,04/23/2025 08:36:39,,-103,3.351,1871,,,,1871
waterlevel,DevEUI=A840416891000002,04/23/2025 04:36:32,,-101,3.353,1871,,,,1871
waterlevel,DevEUI=A840416891000002,04/23/2025 02:36:29,,-100,3.326,1871,,,,1871
waterlevel,DevEUI=A840416891000002,04/23/2025 00:36:26,,-99,3.351,1873,,,,1873
waterlevel,DevEUI=A840416891000002,04/22/2025 22:36:22,,-97,3.351,1873,,,,1873
waterlevel,DevEUI=A840416891000002,04/22/2025 20:36:19,,-102,3.351,1871,,,,1871
waterlevel,DevEUI=A840416891000002,04/22/2025 18:36:16,,-101,3.351,1871,,,,1871
waterlevel,DevEUI=A840416891000002,04/22/2025 16:36:12,,-103,3.351,1864,,,,1864
waterlevel,DevEUI=A840416891000002,04/22/2025 14:36:09,,-103,3.351,1864,,,,1864
waterlevel,DevEUI=A840416891000002,04/22/2025 12:36:06,,-101,3.353,1864,,,,1864
waterlevel,DevEUI=A840416891000002,04/22/2025 10:36:02,,-100,3.351,1864,,,,1864
waterlevel,DevEUI=A840416891000002,04/22/2025 08:35:59,,-105,3.351,1863,,,,1863
waterlevel,DevEUI=A840416891000002,04/22/2025 06:35:56,,-99,3.353,1863,,,,1863
waterlevel,DevEUI=A840416891000002,04/22/2025 04:35:52,,-102,3.353,1863,,,,1863
waterlevel,DevEUI=A840416891000002,04/22/2025 02:35:48,,-103,3.353,1863,,,,1863
waterlevel,DevEUI=A840416891000002,04/22/2025 00:35:46,,-102,3.351,1863,,,,1863
waterlevel,DevEUI=A840416891000002,04/21/2025 22:35:42,,-102,3.351,1863,,,,1863
waterlevel,DevEUI=A840416891000002,04/21/2025 20:35:38,,-103,3.351,1863,,,,1863
waterlevel,DevEUI=A840416891000002,04/21/2025 18:35:36,,-102,3.351,1864,,,,1864
waterlevel,DevEUI=A840416891000002,04/21/2025 16:35:32,,-103,3.351,1861,,,,1861
waterlevel,DevEUI=A840416891000002,04/21/2025 14:35:29,,-106,3.348,1861,,,,1861
waterlevel,DevEUI=A840416891000002,04/21/2025 12:35:25,,-107,3.353,1861,,,,1861
waterlevel,DevEUI=A840416891000002,04/21/2025 10:35:22,,-103,3.353,1861,,,,1861
waterlevel,DevEUI=A840416891000002,04/21/2025 08:35:19,,-109,3.351,1861,,,,1861
waterlevel,DevEUI=A840416891000002,04/21/2025 06:35:15,,-105,3.351,1861,,,,1861
waterlevel,DevEUI=A840416891000002,04/21/2025 04:35:12,,-105,3.351,1861,,,,1861
waterlevel,DevEUI=A840416891000002,04/21/2025 02:35:09,,-105,3.351,1861,,,,1861
waterlevel,DevEUI=A840416891000002,04/21/2025 00:35:05,,-103,3.351,1862,,,,1862
waterlevel,DevEUI=A840416891000002,04/20/2025 22:35:02,,-105,3.351,1862,,,,1862
waterlevel,DevEUI=A840416891000002,04/20/2025 20:34:59,,-105,3.351,1863,,,,1863
waterlevel,DevEUI=A840416891000002,04/20/2025 18:34:55,,-102,3.351,1867,,,,1867
waterlevel,DevEUI=A840416891000002,04/20/2025 16:34:52,,-102,3.353,1867,,,,1867
waterlevel,DevEUI=A840416891000002,04/20/2025 14:34:48,,-99,3.351,1867,,,,1867
waterlevel,DevEUI=A840416891000002,04/20/2025 12:34:45,,-102,3.351,1866,,,,1866
waterlevel,DevEUI=A840416891000002,04/20/2025 10:34:42,,-96,3.351,1864,,,,1864
waterlevel,DevEUI=A840416891000002,04/20/2025 08:34:39,,-96,3.348,1864,,,,1864
waterlevel,DevEUI=A840416891000002,04/20/2025 06:34:35,,-96,3.328,1863,,,,1863
waterlevel,DevEUI=A840416891000002,04/20/2025 04:34:32,,-96,3.351,1862,,,,1862
waterlevel,DevEUI=A840416891000002,04/20/2025 02:34:29,,-97,3.348,1861,,,,1861
waterlevel,DevEUI=A840416891000002,04/20/2025 00:34:25,,-97,3.346,1861,,,,1861
waterlevel,DevEUI=A840416891000002,04/19/2025 22:34:22,,-97,3.351,1856,,,,1856
waterlevel,DevEUI=A840416891000002,04/19/2025 20:34:19,,-97,3.351,1859,,,,1859
waterlevel,DevEUI=A840416891000002,04/19/2025 18:34:15,,-97,3.348,1858,,,,1858
waterlevel,DevEUI=A840416891000002,04/19/2025 16:34:12,,-99,3.351,1845,,,,1845
waterlevel,DevEUI=A840416891000002,04/19/2025 14:34:09,,-94,3.351,1839,,,,1839
waterlevel,DevEUI=A840416891000002,04/19/2025 12:34:05,,-93,3.351,1839,,,,1839
waterlevel,DevEUI=A840416891000002,04/19/2025 10:34:02,,-92,3.351,1839,,,,1839
waterlevel,DevEUI=A840416891000002,04/19/2025 08:33:59,,-92,3.351,1839,,,,1839
waterlevel,DevEUI=A840416891000002,04/19/2025 06:33:55,,-95,3.351,1839,,,,1839
waterlevel,DevEUI=A840416891000002,04/19/2025 04:33:52,,-95,3.348,1839,,,,1839
waterlevel,DevEUI=A840416891000002,04/19/2025 02:33:49,,-96,3.322,1839,,,,1839
waterlevel,DevEUI=A840416891000002,04/19/2025 00:33:45,,-97,3.33,1839,,,,1839
waterlevel,DevEUI=A840416891000002,04/18/2025 22:33:41,,-96,3.346,1839,,,,1839
waterlevel,DevEUI=A840416891000002,04/18/2025 20:33:39,,-96,3.351,1839,,,,1839
waterlevel,DevEUI=A840416891000002,04/18/2025 18:33:35,,-96,3.351,1836,,,,1836
waterlevel,DevEUI=A840416891000002,04/18/2025 16:33:32,,-96,3.351,1829,,,,1829
waterlevel,DevEUI=A840416891000002,04/18/2025 14:33:29,,-96,3.346,1829,,,,1829
waterlevel,DevEUI=A840416891000002,04/18/2025 12:33:25,,-94,3.351,1829,,,,1829
waterlevel,DevEUI=A840416891000002,04/18/2025 10:33:22,,-95,3.33,1829,,,,1829
waterlevel,DevEUI=A840416891000002,04/18/2025 08:33:19,,-96,3.348,1829,,,,1829
waterlevel,DevEUI=A840416891000002,04/18/2025 06:33:15,,-95,3.348,1829,,,,1829
waterlevel,DevEUI=A840416891000002,04/18/2025 04:33:12,,-99,3.346,1829,,,,1829
waterlevel,DevEUI=A840416891000002,04/18/2025 02:33:09,,-93,3.348,1829,,,,1829
waterlevel,DevEUI=A840416891000002,04/18/2025 00:33:05,,-96,3.348,1829,,,,1829
waterlevel,DevEUI=A840416891000002,04/17/2025 22:33:02,,-97,3.348,1829,,,,1829
waterlevel,DevEUI=A840416891000002,04/17/2025 20:32:59,,-99,3.348,1829,,,,1829
waterlevel,DevEUI=A840416891000002,04/17/2025 18:32:55,,-97,3.348,1829,,,,1829
waterlevel,DevEUI=A840416891000002,04/17/2025 16:32:52,,-94,3.346,1809,,,,1809
waterlevel,DevEUI=A840416891000002,04/17/2025 14:32:49,,-96,3.351,1809,,,,1809
waterlevel,DevEUI=A840416891000002,04/17/2025 12:32:45,,-95,3.351,1809,,,,1809
waterlevel,DevEUI=A840416891000002,04/17/2025 10:32:42,,-96,3.319,1809,,,,1809
waterlevel,DevEUI=A840416891000002,04/17/2025 08:32:39,,-96,3.351,1809,,,,1809
waterlevel,DevEUI=A840416891000002,04/17/2025 06:32:35,,-96,3.351,1809,,,,1809
waterlevel,DevEUI=A840416891000002,04/17/2025 04:32:32,,-94,3.348,1809,,,,1809
waterlevel,DevEUI=A840416891000002,04/17/2025 02:32:29,,-94,3.348,1809,,,,1809
waterlevel,DevEUI=A840416891000002,04/17/2025 00:32:25,,-96,3.351,1809,,,,1809
waterlevel,DevEUI=A840416891000002,04/16/2025 22:32:21,,-97,3.348,1733,,,,1733
waterlevel,DevEUI=A840416891000002,04/16/2025 20:32:19,,-97,3.351,1419,,,,1419
waterlevel,DevEUI=A840416891000002,04/16/2025 18:32:15,,-95,3.351,1419,,,,1419
waterlevel,DevEUI=A840416891000002,04/16/2025 16:32:11,,-97,3.348,1403,,,,1403
waterlevel,DevEUI=A840416891000002,04/16/2025 14:32:08,,-101,3.348,1403,,,,1403
waterlevel,DevEUI=A840416891000002,04/16/2025 12:32:05,,-96,3.348,1403,,,,1403
waterlevel,DevEUI=A840416891000002,04/16/2025 10:32:02,,-96,3.348,1403,,,,1403
waterlevel,DevEUI=A840416891000002,04/16/2025 08:31:59,,-97,3.348,1403,,,,1403
waterlevel,DevEUI=A840416891000002,04/16/2025 06:31:55,,-94,3.348,1403,,,,1403
waterlevel,DevEUI=A840416891000002,04/16/2025 04:31:52,,-97,3.351,1405,,,,1405
waterlevel,DevEUI=A840416891000002,04/16/2025 02:31:49,,-95,3.351,1404,,,,1404
waterlevel,DevEUI=A840416891000002,04/16/2025 00:31:45,,-96,3.351,1403,,,,1403
waterlevel,DevEUI=A840416891000002,04/15/2025 22:31:42,,-97,3.351,1405,,,,1405
waterlevel,DevEUI=A840416891000002,04/15/2025 20:31:39,,-95,3.348,1405,,,,1405
waterlevel,DevEUI=A840416891000002,04/15/2025 18:31:35,,-94,3.348,1406,,,,1406
waterlevel,DevEUI=A840416891000002,04/15/2025 16:31:32,,-95,3.351,1405,,,,1405
waterlevel,DevEUI=A840416891000002,04/15/2025 14:31:28,,-95,3.348,1405,,,,1405
waterlevel,DevEUI=A840416891000002,04/15/2025 12:31:25,,-97,3.351,1406,,,,1406
waterlevel,DevEUI=A840416891000002,04/15/2025 10:31:22,,-95,3.348,1406,,,,1406
waterlevel,DevEUI=A840416891000002,04/15/2025 08:31:19,,-95,3.348,1405,,,,1405
waterlevel,DevEUI=A840416891000002,04/15/2025 06:31:15,,-95,3.351,1405,,,,1405
waterlevel,DevEUI=A840416891000002,04/15/2025 04:31:12,,-93,3.348,1405,,,,1405
waterlevel,DevEUI=A840416891000002,04/15/2025 02:31:09,,-96,3.351,1405,,,,1405
waterlevel,DevEUI=A840416891000002,04/15/2025 00:31:05,,-96,3.348,1405,,,,1405
waterlevel,DevEUI=A840416891000002,04/14/2025 22:31:01,,-93,3.348,1405,,,,1405
waterlevel,DevEUI=A840416891000002,04/14/2025 20:30:59,,-93,3.351,1405,,,,1405
waterlevel,DevEUI=A840416891000002,04/14/2025 18:30:56,,-97,3.348,1405,,,,1405
waterlevel,DevEUI=A840416891000002,04/14/2025 16:30:51,,-97,3.348,1405,,,,1405
waterlevel,DevEUI=A840416891000002,04/14/2025 14:30:49,,-96,3.348,1405,,,,1405
waterlevel,DevEUI=A840416891000002,04/14/2025 12:30:46,,-95,3.348,1406,,,,1406
waterlevel,DevEUI=A840416891000002,04/14/2025 10:30:42,,-93,3.351,1406,,,,1406
waterlevel,DevEUI=A840416891000002,04/14/2025 08:30:38,,-96,3.348,1406,,,,1406
waterlevel,DevEUI=A840416891000002,04/14/2025 06:30:36,,-95,3.348,1406,,,,1406
waterlevel,DevEUI=A840416891000002,04/14/2025 04:30:32,,-95,3.348,1403,,,,1403
waterlevel,DevEUI=A840416891000002,04/14/2025 02:30:29,,-96,3.348,1410,,,,1410
waterlevel,DevEUI=A840416891000002,04/14/2025 00:30:26,,-94,3.348,1413,,,,1413
waterlevel,DevEUI=A840416891000002,04/13/2025 22:30:22,,-93,3.348,1413,,,,1413
waterlevel,DevEUI=A840416891000002,04/13/2025 20:30:18,,-93,3.348,1413,,,,1413
waterlevel,DevEUI=A840416891000002,04/13/2025 18:30:15,,-95,3.348,1413,,,,1413
waterlevel,DevEUI=A840416891000002,04/13/2025 16:30:12,,-99,3.348,1413,,,,1413
waterlevel,DevEUI=A840416891000002,04/13/2025 14:30:09,,-101,3.348,1413,,,,1413
waterlevel,DevEUI=A840416891000002,04/13/2025 12:30:06,,-99,3.348,1413,,,,1413
waterlevel,DevEUI=A840416891000002,04/13/2025 10:30:02,,-101,3.348,1413,,,,1413
waterlevel,DevEUI=A840416891000002,04/13/2025 08:29:59,,-95,3.348,1412,,,,1412
waterlevel,DevEUI=A840416891000002,04/13/2025 06:29:56,,-97,3.351,1413,,,,1413
waterlevel,DevEUI=A840416891000002,04/13/2025 04:29:52,,-97,3.348,1412,,,,1412
waterlevel,DevEUI=A840416891000002,04/13/2025 02:29:49,,-97,3.351,1414,,,,1414
waterlevel,DevEUI=A840416891000002,04/13/2025 00:29:46,,-101,3.348,1414,,,,1414
waterlevel,DevEUI=A840416891000002,04/12/2025 22:29:42,,-102,3.348,1414,,,,1414
waterlevel,DevEUI=A840416891000002,04/12/2025 20:29:39,,-98,3.348,1414,,,,1414
waterlevel,DevEUI=A840416891000002,04/12/2025 18:29:35,,-101,3.348,1415,,,,1415
waterlevel,DevEUI=A840416891000002,04/12/2025 16:29:32,,-97,3.346,1414,,,,1414
waterlevel,DevEUI=A840416891000002,04/12/2025 14:29:29,,-99,3.348,1414,,,,1414
waterlevel,DevEUI=A840416891000002,04/12/2025 12:29:26,,-97,3.348,1414,,,,1414
waterlevel,DevEUI=A840416891000002,04/12/2025 10:29:22,,-97,3.346,1413,,,,1413
waterlevel,DevEUI=A840416891000002,04/12/2025 08:29:19,,-97,3.348,1414,,,,1414
waterlevel,DevEUI=A840416891000002,04/12/2025 06:29:16,,-95,3.348,1414,,,,1414
waterlevel,DevEUI=A840416891000002,04/12/2025 04:29:12,,-95,3.351,1414,,,,1414
waterlevel,DevEUI=A840416891000002,04/12/2025 02:29:09,,-95,3.348,1414,,,,1414
waterlevel,DevEUI=A840416891000002,04/12/2025 00:29:06,,-94,3.348,1414,,,,1414
waterlevel,DevEUI=A840416891000002,04/11/2025 22:29:03,,-96,3.348,1414,,,,1414
waterlevel,DevEUI=A840416891000002,04/11/2025 20:28:58,,-96,3.348,1414,,,,1414
waterlevel,DevEUI=A840416891000002,04/11/2025 18:28:56,,-99,3.348,1414,,,,1414
waterlevel,DevEUI=A840416891000002,04/11/2025 16:28:52,,-99,3.348,1410,,,,1410
waterlevel,DevEUI=A840416891000002,04/11/2025 14:28:49,,-97,3.348,1410,,,,1410
waterlevel,DevEUI=A840416891000002,04/11/2025 12:28:46,,-97,3.348,1410,,,,1410
waterlevel,DevEUI=A840416891000002,04/11/2025 10:28:43,,-99,3.348,1410,,,,1410
waterlevel,DevEUI=A840416891000002,04/11/2025 08:28:39,,-99,3.348,1410,,,,1410
waterlevel,DevEUI=A840416891000002,04/11/2025 06:28:36,,-95,3.348,1410,,,,1410
waterlevel,DevEUI=A840416891000002,04/11/2025 04:28:33,,-96,3.348,1410,,,,1410
waterlevel,DevEUI=A840416891000002,04/11/2025 02:28:29,,-95,3.346,1410,,,,1410
waterlevel,DevEUI=A840416891000002,04/11/2025 00:28:26,,-99,3.346,1410,,,,1410
waterlevel,DevEUI=A840416891000002,04/10/2025 22:28:23,,-95,3.348,1410,,,,1410
waterlevel,DevEUI=A840416891000002,04/10/2025 20:28:19,,-97,3.346,1410,,,,1410
waterlevel,DevEUI=A840416891000002,04/10/2025 18:28:16,,-99,3.346,1410,,,,1410
waterlevel,DevEUI=A840416891000002,04/10/2025 16:28:13,,-101,3.348,1410,,,,1410
waterlevel,DevEUI=A840416891000002,04/10/2025 14:28:09,,-99,3.351,1410,,,,1410
waterlevel,DevEUI=A840416891000002,04/10/2025 12:28:06,,-99,3.348,1410,,,,1410
waterlevel,DevEUI=A840416891000002,04/10/2025 10:28:03,,-99,3.346,1410,,,,1410
waterlevel,DevEUI=A840416891000002,04/10/2025 08:27:59,,-97,3.344,1410,,,,1410
waterlevel,DevEUI=A840416891000002,04/10/2025 06:27:56,,-95,3.346,1410,,,,1410
waterlevel,DevEUI=A840416891000002,04/10/2025 04:27:53,,-96,3.346,1410,,,,1410
waterlevel,DevEUI=A840416891000002,04/10/2025 02:27:50,,-101,3.346,1410,,,,1410
waterlevel,DevEUI=A840416891000002,04/10/2025 00:27:46,,-99,3.346,1410,,,,1410
waterlevel,DevEUI=A840416891000002,04/09/2025 22:27:42,,-99,3.346,1410,,,,1410
waterlevel,DevEUI=A840416891000002,04/09/2025 20:27:39,,-101,3.348,1410,,,,1410
waterlevel,DevEUI=A840416891000002,04/09/2025 18:27:36,,-100,3.346,1410,,,,1410
waterlevel,DevEUI=A840416891000002,04/09/2025 16:27:32,,-99,3.346,1408,,,,1408
waterlevel,DevEUI=A840416891000002,04/09/2025 14:27:30,,-97,3.346,1408,,,,1408
waterlevel,DevEUI=A840416891000002,04/09/2025 12:27:26,,-97,3.346,1408,,,,1408
waterlevel,DevEUI=A840416891000002,04/09/2025 10:27:23,,-97,3.346,1408,,,,1408
waterlevel,DevEUI=A840416891000002,04/09/2025 08:27:20,,-96,3.346,1408,,,,1408
waterlevel,DevEUI=A840416891000002,04/09/2025 06:27:16,,-97,3.346,1408,,,,1408
waterlevel,DevEUI=A840416891000002,04/09/2025 04:27:13,,-99,3.346,1408,,,,1408
waterlevel,DevEUI=A840416891000002,04/09/2025 02:27:10,,-99,3.348,1408,,,,1408
waterlevel,DevEUI=A840416891000002,04/09/2025 00:27:06,,-95,3.342,1408,,,,1408
waterlevel,DevEUI=A840416891000002,04/08/2025 22:27:03,,-97,3.346,1408,,,,1408
waterlevel,DevEUI=A840416891000002,04/08/2025 20:27:00,,-93,3.346,1408,,,,1408
waterlevel,DevEUI=A840416891000002,04/08/2025 18:26:56,,-96,3.346,1407,,,,1407
waterlevel,DevEUI=A840416891000002,04/08/2025 16:26:53,,-96,3.346,1408,,,,1408
waterlevel,DevEUI=A840416891000002,04/08/2025 14:26:50,,-96,3.346,1408,,,,1408
waterlevel,DevEUI=A840416891000002,04/08/2025 12:26:46,,-96,3.344,1408,,,,1408
waterlevel,DevEUI=A840416891000002,04/08/2025 10:26:43,,-95,3.348,1408,,,,1408
waterlevel,DevEUI=A840416891000002,04/08/2025 08:26:41,,-97,3.344,1408,,,,1408
waterlevel,DevEUI=A840416891000002,04/08/2025 06:26:37,,-94,3.346,1408,,,,1408
waterlevel,DevEUI=A840416891000002,04/08/2025 04:26:33,,-96,3.346,1408,,,,1408
waterlevel,DevEUI=A840416891000002,04/08/2025 02:26:29,,-95,3.344,1408,,,,1408
waterlevel,DevEUI=A840416891000002,04/08/2025 00:26:27,,-96,3.344,1408,,,,1408
waterlevel,DevEUI=A840416891000002,04/07/2025 22:26:23,,-97,3.346,1408,,,,1408
waterlevel,DevEUI=A840416891000002,04/07/2025 20:26:20,,-97,3.346,1409,,,,1409
waterlevel,DevEUI=A840416891000002,04/07/2025 18:26:17,,-103,3.346,1407,,,,1407
waterlevel,DevEUI=A840416891000002,04/07/2025 16:26:13,,-105,3.344,1406,,,,1406
waterlevel,DevEUI=A840416891000002,04/07/2025 14:26:10,,-101,3.344,1406,,,,1406
waterlevel,DevEUI=A840416891000002,04/07/2025 12:26:06,,-102,3.344,1405,,,,1405
waterlevel,DevEUI=A840416891000002,04/07/2025 10:26:04,,-100,3.346,1406,,,,1406
waterlevel,DevEUI=A840416891000002,04/07/2025 08:26:00,,-102,3.346,1406,,,,1406
waterlevel,DevEUI=A840416891000002,04/07/2025 06:25:57,,-102,3.346,1406,,,,1406
waterlevel,DevEUI=A840416891000002,04/07/2025 04:25:54,,-101,3.33,1406,,,,1406
waterlevel,DevEUI=A840416891000002,04/07/2025 02:25:50,,-102,3.346,1406,,,,1406
waterlevel,DevEUI=A840416891000002,04/07/2025 00:25:47,,-103,3.346,1406,,,,1406
waterlevel,DevEUI=A840416891000002,04/06/2025 22:25:43,,-102,3.344,1406,,,,1406
waterlevel,DevEUI=A840416891000002,04/06/2025 20:25:41,,-105,3.346,1407,,,,1407
waterlevel,DevEUI=A840416891000002,04/06/2025 18:25:37,,-105,3.346,1392,,,,1392
waterlevel,DevEUI=A840416891000002,04/06/2025 16:25:34,,-101,3.344,1387,,,,1387
waterlevel,DevEUI=A840416891000002,04/06/2025 14:25:30,,-105,3.346,1387,,,,1387
waterlevel,DevEUI=A840416891000002,04/06/2025 12:25:27,,-107,3.346,1387,,,,1387
waterlevel,DevEUI=A840416891000002,04/06/2025 10:25:24,,-103,3.346,1387,,,,1387
waterlevel,DevEUI=A840416891000002,04/06/2025 08:25:21,,-102,3.346,1387,,,,1387
waterlevel,DevEUI=A840416891000002,04/06/2025 06:25:17,,-105,3.342,1387,,,,1387
waterlevel,DevEUI=A840416891000002,04/06/2025 04:25:14,,-100,3.344,1387,,,,1387
waterlevel,DevEUI=A840416891000002,04/06/2025 02:25:11,,-103,3.346,1387,,,,1387
waterlevel,DevEUI=A840416891000002,04/06/2025 00:25:08,,-105,3.344,1387,,,,1387
waterlevel,DevEUI=A840416891000002,04/05/2025 22:25:04,,-103,3.344,1387,,,,1387
waterlevel,DevEUI=A840416891000002,04/05/2025 20:25:01,,-103,3.344,1387,,,,1387
waterlevel,DevEUI=A840416891000002,04/05/2025 18:24:58,,-102,3.344,1384,,,,1384
waterlevel,DevEUI=A840416891000002,04/05/2025 16:24:54,,-99,3.346,1041,,,,1041
waterlevel,DevEUI=A840416891000002,04/05/2025 14:24:51,,-95,3.344,1041,,,,1041
waterlevel,DevEUI=A840416891000002,04/05/2025 10:24:45,,-94,3.344,1026,,,,1026
waterlevel,DevEUI=A840416891000002,04/05/2025 08:24:41,,-94,3.344,1026,,,,1026
waterlevel,DevEUI=A840416891000002,04/05/2025 06:24:38,,-92,3.342,1026,,,,1026
waterlevel,DevEUI=A840416891000002,04/05/2025 04:24:35,,-96,3.342,1026,,,,1026
waterlevel,DevEUI=A840416891000002,04/05/2025 02:24:31,,-96,3.344,1026,,,,1026
waterlevel,DevEUI=A840416891000002,04/05/2025 00:24:28,,-95,3.344,1026,,,,1026
waterlevel,DevEUI=A840416891000002,04/04/2025 22:24:24,,-93,3.342,1026,,,,1026
waterlevel,DevEUI=A840416891000002,04/04/2025 20:24:21,,-96,3.344,1026,,,,1026
waterlevel,DevEUI=A840416891000002,04/04/2025 18:24:18,,-95,3.342,1026,,,,1026
waterlevel,DevEUI=A840416891000002,04/04/2025 16:24:15,,-95,3.342,1026,,,,1026
waterlevel,DevEUI=A840416891000002,04/04/2025 14:24:12,,-96,3.342,1026,,,,1026
waterlevel,DevEUI=A840416891000002,04/04/2025 12:24:08,,-95,3.342,1026,,,,1026
waterlevel,DevEUI=A840416891000002,04/04/2025 10:24:04,,-96,3.344,1026,,,,1026
waterlevel,DevEUI=A840416891000002,04/04/2025 08:24:02,,-96,3.342,1026,,,,1026
waterlevel,DevEUI=A840416891000002,04/04/2025 06:23:58,,-96,3.342,1026,,,,1026
waterlevel,DevEUI=A840416891000002,04/04/2025 04:23:55,,-95,3.342,1026,,,,1026
waterlevel,DevEUI=A840416891000002,04/04/2025 02:23:52,,-96,3.342,1026,,,,1026
waterlevel,DevEUI=A840416891000002,04/04/2025 00:23:48,,-99,3.342,1026,,,,1026
waterlevel,DevEUI=A840416891000002,04/03/2025 22:23:46,,-96,3.342,1026,,,,1026
waterlevel,DevEUI=A840416891000002,04/03/2025 20:23:42,,-95,3.342,1026,,,,1026
waterlevel,DevEUI=A840416891000002,04/03/2025 18:23:39,,-94,3.342,1026,,,,1026
waterlevel,DevEUI=A840416891000002,04/03/2025 16:23:35,,-95,3.339,1025,,,,1025
waterlevel,DevEUI=A840416891000002,04/03/2025 14:23:32,,-96,3.339,1026,,,,1026
waterlevel,DevEUI=A840416891000002,04/03/2025 12:23:29,,-95,3.339,1026,,,,1026
waterlevel,DevEUI=A840416891000002,04/03/2025 10:23:26,,-95,3.339,1025,,,,1025
waterlevel,DevEUI=A840416891000002,04/03/2025 08:23:22,,-96,3.342,1025,,,,1025
waterlevel,DevEUI=A840416891000002,04/03/2025 06:23:19,,-97,3.339,1025,,,,1025
waterlevel,DevEUI=A840416891000002,04/03/2025 04:23:16,,-96,3.339,1025,,,,1025
waterlevel,DevEUI=A840416891000002,04/03/2025 02:23:12,,-97,3.339,1025,,,,1025
waterlevel,DevEUI=A840416891000002,04/03/2025 00:23:09,,-99,3.339,1025,,,,1025
waterlevel,DevEUI=A840416891000002,04/02/2025 22:23:06,,-96,3.339,1025,,,,1025
waterlevel,DevEUI=A840416891000002,04/02/2025 20:23:03,,-93,3.337,1025,,,,1025
waterlevel,DevEUI=A840416891000002,04/02/2025 18:23:00,,-91,3.337,1025,,,,1025
waterlevel,DevEUI=A840416891000002,04/02/2025 16:22:56,,-95,3.333,1025,,,,1025
waterlevel,DevEUI=A840416891000002,04/02/2025 14:22:53,,-93,3.339,1025,,,,1025
waterlevel,DevEUI=A840416891000002,04/02/2025 12:22:49,,-95,3.337,1025,,,,1025
waterlevel,DevEUI=A840416891000002,04/02/2025 10:22:47,,-95,3.337,1025,,,,1025
waterlevel,DevEUI=A840416891000002,04/02/2025 08:22:43,,-95,3.337,1025,,,,1025
waterlevel,DevEUI=A840416891000002,04/02/2025 06:22:39,,-93,3.337,1025,,,,1025
waterlevel,DevEUI=A840416891000002,04/02/2025 04:22:37,,-95,3.337,1025,,,,1025
waterlevel,DevEUI=A840416891000002,04/02/2025 02:22:34,,-96,3.337,1025,,,,1025
waterlevel,DevEUI=A840416891000002,04/02/2025 00:22:30,,-95,3.337,1025,,,,1025
waterlevel,DevEUI=A840416891000002,04/01/2025 22:22:26,,-94,3.335,1025,,,,1025
waterlevel,DevEUI=A840416891000002,04/01/2025 20:22:24,,-93,3.335,1025,,,,1025
waterlevel,DevEUI=A840416891000002,04/01/2025 18:22:21,,-92,3.337,1025,,,,1025
waterlevel,DevEUI=A840416891000002,04/01/2025 16:22:17,,-95,3.335,1025,,,,1025
waterlevel,DevEUI=A840416891000002,04/01/2025 14:22:14,,-95,3.335,1025,,,,1025
waterlevel,DevEUI=A840416891000002,04/01/2025 12:22:11,,-95,3.335,1025,,,,1025
waterlevel,DevEUI=A840416891000002,04/01/2025 10:22:07,,-95,3.335,1025,,,,1025
waterlevel,DevEUI=A840416891000002,04/01/2025 08:22:04,,-96,3.335,1025,,,,1025
waterlevel,DevEUI=A840416891000002,04/01/2025 06:22:01,,-97,3.337,1024,,,,1024
waterlevel,DevEUI=A840416891000002,04/01/2025 04:21:58,,-97,3.335,1024,,,,1024
waterlevel,DevEUI=A840416891000002,04/01/2025 02:21:54,,-99,3.333,1024,,,,1024
waterlevel,DevEUI=A840416891000002,04/01/2025 00:21:51,,-96,3.335,1024,,,,1024
waterlevel,DevEUI=A840416891000002,03/31/2025 22:21:48,,-97,3.333,1024,,,,1024
waterlevel,DevEUI=A840416891000002,03/31/2025 20:21:44,,-94,3.333,1024,,,,1024
waterlevel,DevEUI=A840416891000002,03/31/2025 18:21:41,,-95,3.33,1024,,,,1024
waterlevel,DevEUI=A840416891000002,03/31/2025 16:21:38,,-95,3.333,1024,,,,1024
waterlevel,DevEUI=A840416891000002,03/31/2025 14:21:35,,-95,3.33,1024,,,,1024
waterlevel,DevEUI=A840416891000002,03/31/2025 12:21:32,,-95,3.333,1024,,,,1024
waterlevel,DevEUI=A840416891000002,03/31/2025 10:21:28,,-96,3.333,1024,,,,1024
waterlevel,DevEUI=A840416891000002,03/31/2025 08:21:25,,-91,3.33,1024,,,,1024
waterlevel,DevEUI=A840416891000002,03/31/2025 06:21:22,,-95,3.33,1024,,,,1024
waterlevel,DevEUI=A840416891000002,03/31/2025 04:21:19,,-92,3.33,1024,,,,1024
waterlevel,DevEUI=A840416891000002,03/31/2025 02:21:15,,-93,3.328,1024,,,,1024
waterlevel,DevEUI=A840416891000002,03/31/2025 00:21:12,,-93,3.328,1024,,,,1024
waterlevel,DevEUI=A840416891000002,03/30/2025 22:21:08,,-93,3.328,1024,,,,1024
waterlevel,DevEUI=A840416891000002,03/30/2025 18:21:03,,-95,3.328,1023,,,,1023
waterlevel,DevEUI=A840416891000002,03/30/2025 16:20:59,,-95,3.328,882,,,,882
waterlevel,DevEUI=A840416891000002,03/30/2025 14:20:56,,-95,3.33,519,,,,519
waterlevel,DevEUI=A840416891000002,03/30/2025 12:20:53,,-97,3.328,385,,,,385
waterlevel,DevEUI=A840416891000002,03/30/2025 08:20:46,,-96,3.33,385,,,,385
waterlevel,DevEUI=A840416891000002,03/30/2025 06:20:43,,-99,3.33,386,,,,386
waterlevel,DevEUI=A840416891000002,03/30/2025 04:20:40,,-97,3.33,386,,,,386
waterlevel,DevEUI=A840416891000002,03/30/2025 01:20:37,,-96,3.328,386,,,,386
waterlevel,DevEUI=A840416891000002,03/29/2025 23:20:33,,-94,3.328,386,,,,386
waterlevel,DevEUI=A840416891000002,03/29/2025 21:20:30,,-96,3.33,386,,,,386
waterlevel,DevEUI=A840416891000002,03/29/2025 19:20:26,,-94,3.328,386,,,,386
waterlevel,DevEUI=A840416891000002,03/29/2025 17:20:24,,-105,3.328,385,,,,385
waterlevel,DevEUI=A840416891000002,03/29/2025 15:20:20,,-103,3.328,383,,,,383
waterlevel,DevEUI=A840416891000002,03/29/2025 13:20:17,,-100,3.328,382,,,,382
waterlevel,DevEUI=A840416891000002,03/29/2025 11:20:14,,-99,3.328,382,,,,382
waterlevel,DevEUI=A840416891000002,03/29/2025 09:20:11,,-100,3.328,381,,,,381
waterlevel,DevEUI=A840416891000002,03/29/2025 07:20:07,,-100,3.328,381,,,,381
waterlevel,DevEUI=A840416891000002,03/29/2025 05:20:04,,-103,3.328,380,,,,380
waterlevel,DevEUI=A840416891000002,03/29/2025 03:20:01,,-101,3.33,379,,,,379
waterlevel,DevEUI=A840416891000002,03/29/2025 01:19:57,,-102,3.328,379,,,,379
waterlevel,DevEUI=A8404142B1000003,05/14/2025 14:45:18,,-90,3.306,2334,,,,2334
waterlevel,DevEUI=A8404142B1000003,05/14/2025 12:45:19,,-88,3.302,2328,,,,2328
waterlevel,DevEUI=A8404142B1000003,05/14/2025 10:45:19,,-89,3.296,2310,,,,2310
waterlevel,DevEUI=A8404142B1000003,05/14/2025 08:45:19,,-91,3.289,2289,,,,2289
waterlevel,DevEUI=A8404142B1000003,05/14/2025 06:45:19,,-89,3.293,2283,,,,2283
waterlevel,DevEUI=A8404142B1000003,05/14/2025 04:45:19,,-87,3.3,2283,,,,2283
waterlevel,DevEUI=A8404142B1000003,05/14/2025 02:45:18,,-91,3.304,2285,,,,2285
waterlevel,DevEUI=A8404142B1000003,05/14/2025 00:45:19,,-90,3.3,2286,,,,2286
waterlevel,DevEUI=A8404142B1000003,05/13/2025 22:45:20,,-86,3.302,2291,,,,2291
waterlevel,DevEUI=A8404142B1000003,05/13/2025 20:45:19,,-91,3.302,2292,,,,2292
waterlevel,DevEUI=A8404142B1000003,05/13/2025 18:45:19,,-90,3.317,2299,,,,2299
waterlevel,DevEUI=A8404142B1000003,05/13/2025 16:45:20,,-96,3.313,2308,,,,2308
waterlevel,DevEUI=A8404142B1000003,05/13/2025 14:45:20,,-90,3.311,2346,,,,2346
waterlevel,DevEUI=A8404142B1000003,05/13/2025 12:45:20,,-91,3.304,2331,,,,2331
waterlevel,DevEUI=A8404142B1000003,05/13/2025 10:45:20,,-89,3.309,2313,,,,2313
waterlevel,DevEUI=A8404142B1000003,05/13/2025 08:45:20,,-95,3.291,2286,,,,2286
waterlevel,DevEUI=A8404142B1000003,05/13/2025 06:45:20,,-91,3.3,2279,,,,2279
waterlevel,DevEUI=A8404142B1000003,05/13/2025 04:45:20,,-91,3.298,2279,,,,2279
waterlevel,DevEUI=A8404142B1000003,05/13/2025 02:45:21,,-95,3.296,2282,,,,2282
waterlevel,DevEUI=A8404142B1000003,05/13/2025 00:45:20,,-93,3.302,2286,,,,2286
waterlevel,DevEUI=A8404142B1000003,05/12/2025 22:45:21,,-90,3.3,2285,,,,2285
waterlevel,DevEUI=A8404142B1000003,05/12/2025 20:45:21,,-91,3.304,2292,,,,2292
waterlevel,DevEUI=A8404142B1000003,05/12/2025 18:45:21,,-91,3.32,2317,,,,2317
waterlevel,DevEUI=A8404142B1000003,05/12/2025 16:45:21,,-93,3.311,2323,,,,2323
waterlevel,DevEUI=A8404142B1000003,05/12/2025 14:45:21,,-95,3.32,2322,,,,2322
waterlevel,DevEUI=A8404142B1000003,05/12/2025 12:45:21,,-95,3.304,2314,,,,2314
waterlevel,DevEUI=A8404142B1000003,05/12/2025 10:45:21,,-93,3.3,2307,,,,2307
waterlevel,DevEUI=A8404142B1000003,05/12/2025 08:45:21,,-91,3.293,2283,,,,2283
waterlevel,DevEUI=A8404142B1000003,05/12/2025 06:45:22,,-88,3.291,2280,,,,2280
waterlevel,DevEUI=A8404142B1000003,05/12/2025 04:45:22,,-91,3.296,2280,,,,2280
waterlevel,DevEUI=A8404142B1000003,05/12/2025 02:45:22,,-91,3.309,2283,,,,2283
waterlevel,DevEUI=A8404142B1000003,05/12/2025 00:45:22,,-89,3.298,2286,,,,2286
waterlevel,DevEUI=A8404142B1000003,05/11/2025 22:45:22,,-93,3.304,2293,,,,2293
waterlevel,DevEUI=A8404142B1000003,05/11/2025 20:45:22,,-91,3.306,2301,,,,2301
waterlevel,DevEUI=A8404142B1000003,05/11/2025 18:45:22,,-91,3.309,2306,,,,2306
waterlevel,DevEUI=A8404142B1000003,05/11/2025 16:45:22,,-90,3.311,2314,,,,2314
waterlevel,DevEUI=A8404142B1000003,05/11/2025 14:45:22,,-94,3.309,2309,,,,2309
waterlevel,DevEUI=A8404142B1000003,05/11/2025 12:45:22,,-93,3.304,2306,,,,2306
waterlevel,DevEUI=A8404142B1000003,05/11/2025 10:45:23,,-90,3.296,2289,,,,2289
waterlevel,DevEUI=A8404142B1000003,05/11/2025 08:45:22,,-91,3.291,2266,,,,2266
waterlevel,DevEUI=A8404142B1000003,05/11/2025 06:45:23,,-91,3.3,2263,,,,2263
waterlevel,DevEUI=A8404142B1000003,05/11/2025 04:45:23,,-89,3.296,2263,,,,2263
waterlevel,DevEUI=A8404142B1000003,05/11/2025 02:45:23,,-91,3.296,2266,,,,2266
waterlevel,DevEUI=A8404142B1000003,05/11/2025 00:45:23,,-90,3.313,2267,,,,2267
waterlevel,DevEUI=A8404142B1000003,05/10/2025 22:45:23,,-90,3.306,2271,,,,2271
waterlevel,DevEUI=A8404142B1000003,05/10/2025 20:45:23,,-89,3.306,2282,,,,2282
waterlevel,DevEUI=A8404142B1000003,05/10/2025 18:45:23,,-93,3.315,2289,,,,2289
waterlevel,DevEUI=A8404142B1000003,05/10/2025 16:45:23,,-93,3.315,2308,,,,2308
waterlevel,DevEUI=A8404142B1000003,05/10/2025 14:45:24,,-93,3.313,2284,,,,2284
waterlevel,DevEUI=A8404142B1000003,05/10/2025 12:45:24,,-93,3.306,2269,,,,2269
waterlevel,DevEUI=A8404142B1000003,05/10/2025 10:45:22,,-93,3.304,2259,,,,2259
waterlevel,DevEUI=A8404142B1000003,05/10/2025 08:45:24,,-91,3.296,2234,,,,2234
waterlevel,DevEUI=A8404142B1000003,05/10/2025 06:45:24,,-88,3.298,2231,,,,2231
waterlevel,DevEUI=A8404142B1000003,05/10/2025 04:45:24,,-89,3.309,2232,,,,2232
waterlevel,DevEUI=A8404142B1000003,05/10/2025 02:45:24,,-90,3.298,2234,,,,2234
waterlevel,DevEUI=A8404142B1000003,05/10/2025 00:45:24,,-89,3.302,2236,,,,2236
waterlevel,DevEUI=A8404142B1000003,05/09/2025 22:45:26,,-89,3.306,2240,,,,2240
waterlevel,DevEUI=A8404142B1000003,05/09/2025 20:45:24,,-93,3.322,2241,,,,2241
waterlevel,DevEUI=A8404142B1000003,05/09/2025 18:45:25,,-93,3.317,2249,,,,2249
waterlevel,DevEUI=A8404142B1000003,05/09/2025 16:45:25,,-93,3.331,2263,,,,2263
waterlevel,DevEUI=A8404142B1000003,05/09/2025 14:45:25,,-90,3.315,2259,,,,2259
waterlevel,DevEUI=A8404142B1000003,05/09/2025 12:45:25,,-92,3.313,2248,,,,2248
waterlevel,DevEUI=A8404142B1000003,05/09/2025 10:45:25,,-91,3.317,2230,,,,2230
waterlevel,DevEUI=A8404142B1000003,05/09/2025 08:45:25,,-86,3.302,2207,,,,2207
waterlevel,DevEUI=A8404142B1000003,05/09/2025 06:45:25,,-89,3.309,2203,,,,2203
waterlevel,DevEUI=A8404142B1000003,05/09/2025 04:45:25,,-87,3.304,2200,,,,2200
waterlevel,DevEUI=A8404142B1000003,05/09/2025 02:45:25,,-90,3.304,2199,,,,2199
waterlevel,DevEUI=A8404142B1000003,05/09/2025 00:45:25,,-89,3.306,2203,,,,2203
waterlevel,DevEUI=A8404142B1000003,05/08/2025 22:45:25,,-88,3.304,2205,,,,2205
waterlevel,DevEUI=A8404142B1000003,05/08/2025 20:45:26,,-87,3.317,2207,,,,2207
waterlevel,DevEUI=A8404142B1000003,05/08/2025 18:45:26,,-89,3.311,2214,,,,2214
waterlevel,DevEUI=A8404142B1000003,05/08/2025 16:45:26,,-90,3.313,2224,,,,2224
waterlevel,DevEUI=A8404142B1000003,05/08/2025 14:45:26,,-89,3.315,2219,,,,2219
waterlevel,DevEUI=A8404142B1000003,05/08/2025 12:45:26,,-89,3.306,2213,,,,2213
waterlevel,DevEUI=A8404142B1000003,05/08/2025 10:45:26,,-90,3.304,2201,,,,2201
waterlevel,DevEUI=A8404142B1000003,05/08/2025 08:45:26,,-91,3.289,2186,,,,2186
waterlevel,DevEUI=A8404142B1000003,05/08/2025 06:45:26,,-91,3.289,2177,,,,2177
waterlevel,DevEUI=A8404142B1000003,05/08/2025 04:45:26,,-89,3.296,2172,,,,2172
waterlevel,DevEUI=A8404142B1000003,05/08/2025 02:45:26,,-89,3.296,2177,,,,2177
waterlevel,DevEUI=A8404142B1000003,05/08/2025 00:45:26,,-88,3.3,2174,,,,2174
waterlevel,DevEUI=A8404142B1000003,05/07/2025 22:45:27,,-89,3.298,2179,,,,2179
waterlevel,DevEUI=A8404142B1000003,05/07/2025 20:45:27,,-86,3.296,1862,,,,1862
waterlevel,DevEUI=A8404142B1000003,05/07/2025 18:45:27,,-90,3.3,1750,,,,1750
waterlevel,DevEUI=A8404142B1000003,05/07/2025 16:45:26,,-86,3.304,1753,,,,1753
waterlevel,DevEUI=A8404142B1000003,05/07/2025 14:45:27,,-93,3.304,1751,,,,1751
waterlevel,DevEUI=A8404142B1000003,05/07/2025 12:45:27,,-88,3.298,1745,,,,1745
waterlevel,DevEUI=A8404142B1000003,05/07/2025 10:45:27,,-89,3.293,1739,,,,1739
waterlevel,DevEUI=A8404142B1000003,05/07/2025 08:45:27,,-90,3.296,1737,,,,1737
waterlevel,DevEUI=A8404142B1000003,05/07/2025 06:45:27,,-90,3.291,1736,,,,1736
waterlevel,DevEUI=A8404142B1000003,05/07/2025 04:45:27,,-91,3.293,1735,,,,1735
waterlevel,DevEUI=A8404142B1000003,05/07/2025 02:45:27,,-89,3.296,1738,,,,1738
waterlevel,DevEUI=A8404142B1000003,05/07/2025 00:45:27,,-90,3.296,1738,,,,1738
waterlevel,DevEUI=A8404142B1000003,05/06/2025 22:45:28,,-86,3.3,1737,,,,1737
waterlevel,DevEUI=A8404142B1000003,05/06/2025 20:45:28,,-89,3.306,1740,,,,1740
waterlevel,DevEUI=A8404142B1000003,05/06/2025 18:45:27,,-89,3.311,1744,,,,1744
waterlevel,DevEUI=A8404142B1000003,05/06/2025 16:45:28,,-87,3.302,1750,,,,1750
waterlevel,DevEUI=A8404142B1000003,05/06/2025 14:45:28,,-91,3.306,1749,,,,1749
waterlevel,DevEUI=A8404142B1000003,05/06/2025 12:45:28,,-90,3.298,1740,,,,1740
waterlevel,DevEUI=A8404142B1000003,05/06/2025 10:45:28,,-90,3.304,1738,,,,1738
waterlevel,DevEUI=A8404142B1000003,05/06/2025 08:45:28,,-88,3.287,1730,,,,1730
waterlevel,DevEUI=A8404142B1000003,05/06/2025 06:45:28,,-87,3.285,1728,,,,1728
waterlevel,DevEUI=A8404142B1000003,05/06/2025 04:45:28,,-88,3.289,1730,,,,1730
waterlevel,DevEUI=A8404142B1000003,05/06/2025 02:45:28,,-89,3.287,1727,,,,1727
waterlevel,DevEUI=A8404142B1000003,05/06/2025 00:45:29,,-87,3.283,1728,,,,1728
waterlevel,DevEUI=A8404142B1000003,05/05/2025 22:45:29,,-89,3.291,1728,,,,1728
waterlevel,DevEUI=A8404142B1000003,05/05/2025 20:45:29,,-90,3.293,1734,,,,1734
waterlevel,DevEUI=A8404142B1000003,05/05/2025 18:45:29,,-89,3.3,1731,,,,1731
waterlevel,DevEUI=A8404142B1000003,05/05/2025 16:45:29,,-88,3.296,1733,,,,1733
waterlevel,DevEUI=A8404142B1000003,05/05/2025 14:45:29,,-89,3.291,1736,,,,1736
waterlevel,DevEUI=A8404142B1000003,05/05/2025 12:45:29,,-95,3.289,1733,,,,1733
waterlevel,DevEUI=A8404142B1000003,05/05/2025 10:45:29,,-90,3.28,1726,,,,1726
waterlevel,DevEUI=A8404142B1000003,05/05/2025 08:45:29,,-89,3.28,1716,,,,1716
waterlevel,DevEUI=A8404142B1000003,05/05/2025 06:45:29,,-91,3.289,1716,,,,1716
waterlevel,DevEUI=A8404142B1000003,05/05/2025 04:45:29,,-93,3.283,1717,,,,1717
waterlevel,DevEUI=A8404142B1000003,05/05/2025 02:45:30,,-93,3.283,1720,,,,1720
waterlevel,DevEUI=A8404142B1000003,05/05/2025 00:45:29,,-91,3.289,1721,,,,1721
waterlevel,DevEUI=A8404142B1000003,05/04/2025 22:45:30,,-91,3.287,1724,,,,1724
waterlevel,DevEUI=A8404142B1000003,05/04/2025 20:45:30,,-89,3.291,1724,,,,1724
waterlevel,DevEUI=A8404142B1000003,05/04/2025 18:45:30,,-93,3.289,1727,,,,1727
waterlevel,DevEUI=A8404142B1000003,05/04/2025 16:45:30,,-88,3.298,1735,,,,1735
waterlevel,DevEUI=A8404142B1000003,05/04/2025 14:45:30,,-90,3.298,1731,,,,1731
waterlevel,DevEUI=A8404142B1000003,05/04/2025 12:45:30,,-91,3.293,1731,,,,1731
waterlevel,DevEUI=A8404142B1000003,05/04/2025 10:45:30,,-89,3.289,1724,,,,1724
waterlevel,DevEUI=A8404142B1000003,05/04/2025 08:45:30,,-88,3.287,1720,,,,1720
waterlevel,DevEUI=A8404142B1000003,05/04/2025 06:45:30,,-89,3.289,1719,,,,1719
waterlevel,DevEUI=A8404142B1000003,05/04/2025 04:45:29,,-90,3.298,1718,,,,1718
waterlevel,DevEUI=A8404142B1000003,05/04/2025 02:45:31,,-86,3.291,1718,,,,1718
waterlevel,DevEUI=A8404142B1000003,05/04/2025 00:45:31,,-90,3.293,1718,,,,1718
waterlevel,DevEUI=A8404142B1000003,05/03/2025 22:45:31,,-89,3.298,1720,,,,1720
waterlevel,DevEUI=A8404142B1000003,05/03/2025 20:45:30,,-85,3.304,1724,,,,1724
waterlevel,DevEUI=A8404142B1000003,05/03/2025 18:45:30,,-97,3.309,1732,,,,1732
waterlevel,DevEUI=A8404142B1000003,05/03/2025 16:45:30,,-89,3.313,1734,,,,1734
waterlevel,DevEUI=A8404142B1000003,05/03/2025 14:45:31,,-91,3.311,1742,,,,1742
waterlevel,DevEUI=A8404142B1000003,05/03/2025 12:45:31,,-90,3.311,1738,,,,1738
waterlevel,DevEUI=A8404142B1000003,05/03/2025 10:45:31,,-89,3.304,1726,,,,1726
waterlevel,DevEUI=A8404142B1000003,05/03/2025 08:45:32,,-90,3.293,1716,,,,1716
waterlevel,DevEUI=A8404142B1000003,05/03/2025 06:45:31,,-88,3.311,1710,,,,1710
waterlevel,DevEUI=A8404142B1000003,05/03/2025 04:45:32,,-87,3.298,1710,,,,1710
waterlevel,DevEUI=A8404142B1000003,05/03/2025 02:45:32,,-89,3.3,1711,,,,1711
waterlevel,DevEUI=A8404142B1000003,05/03/2025 00:45:32,,-87,3.304,1711,,,,1711
waterlevel,DevEUI=A8404142B1000003,05/02/2025 22:45:32,,-90,3.306,1715,,,,1715
waterlevel,DevEUI=A8404142B1000003,05/02/2025 20:45:32,,-90,3.315,1721,,,,1721
waterlevel,DevEUI=A8404142B1000003,05/02/2025 18:45:32,,-87,3.317,1728,,,,1728
waterlevel,DevEUI=A8404142B1000003,05/02/2025 16:45:32,,-91,3.32,1740,,,,1740
waterlevel,DevEUI=A8404142B1000003,05/02/2025 14:45:32,,-90,3.32,1740,,,,1740
waterlevel,DevEUI=A8404142B1000003,05/02/2025 12:45:33,,-87,3.313,1729,,,,1729
waterlevel,DevEUI=A8404142B1000003,05/02/2025 10:45:33,,-89,3.313,1718,,,,1718
waterlevel,DevEUI=A8404142B1000003,05/02/2025 08:45:33,,-87,3.311,1705,,,,1705
waterlevel,DevEUI=A8404142B1000003,05/02/2025 06:45:32,,-89,3.311,1703,,,,1703
waterlevel,DevEUI=A8404142B1000003,05/02/2025 04:45:33,,-88,3.317,1702,,,,1702
waterlevel,DevEUI=A8404142B1000003,05/02/2025 02:45:33,,-90,3.311,1704,,,,1704
waterlevel,DevEUI=A8404142B1000003,05/02/2025 00:45:32,,-90,3.324,1708,,,,1708
waterlevel,DevEUI=A8404142B1000003,05/01/2025 22:45:33,,-89,3.324,1711,,,,1711
waterlevel,DevEUI=A8404142B1000003,05/01/2025 20:45:33,,-88,3.328,1718,,,,1718
waterlevel,DevEUI=A8404142B1000003,05/01/2025 18:45:33,,-89,3.328,1724,,,,1724
waterlevel,DevEUI=A8404142B1000003,05/01/2025 16:45:34,,-91,3.335,1731,,,,1731
waterlevel,DevEUI=A8404142B1000003,05/01/2025 14:45:33,,-91,3.328,1721,,,,1721
waterlevel,DevEUI=A8404142B1000003,05/01/2025 12:45:33,,-91,3.337,1720,,,,1720
waterlevel,DevEUI=A8404142B1000003,05/01/2025 10:45:33,,-91,3.317,1705,,,,1705
waterlevel,DevEUI=A8404142B1000003,05/01/2025 08:45:34,,-89,3.313,1689,,,,1689
waterlevel,DevEUI=A8404142B1000003,05/01/2025 06:45:34,,-88,3.306,1684,,,,1684
waterlevel,DevEUI=A8404142B1000003,05/01/2025 04:45:34,,-84,3.311,1688,,,,1688
waterlevel,DevEUI=A8404142B1000003,05/01/2025 02:45:34,,-90,3.313,1690,,,,1690
waterlevel,DevEUI=A8404142B1000003,05/01/2025 00:45:34,,-86,3.32,1693,,,,1693
waterlevel,DevEUI=A8404142B1000003,04/30/2025 22:45:35,,-87,3.328,1697,,,,1697
waterlevel,DevEUI=A8404142B1000003,04/30/2025 20:45:34,,-88,3.331,1702,,,,1702
waterlevel,DevEUI=A8404142B1000003,04/30/2025 18:45:35,,-91,3.328,1706,,,,1706
waterlevel,DevEUI=A8404142B1000003,04/30/2025 16:45:35,,-91,3.333,1717,,,,1717
waterlevel,DevEUI=A8404142B1000003,04/30/2025 14:45:35,,-90,3.333,1715,,,,1715
waterlevel,DevEUI=A8404142B1000003,04/30/2025 12:45:35,,-93,3.315,1708,,,,1708
waterlevel,DevEUI=A8404142B1000003,04/30/2025 10:45:35,,-90,3.324,1695,,,,1695
waterlevel,DevEUI=A8404142B1000003,04/30/2025 08:45:35,,-89,3.306,1680,,,,1680
waterlevel,DevEUI=A8404142B1000003,04/30/2025 06:45:35,,-88,3.309,1672,,,,1672
waterlevel,DevEUI=A8404142B1000003,04/30/2025 04:45:35,,-88,3.306,1667,,,,1667
waterlevel,DevEUI=A8404142B1000003,04/30/2025 02:45:36,,-88,3.311,1669,,,,1669
waterlevel,DevEUI=A8404142B1000003,04/30/2025 00:45:36,,-89,3.313,1669,,,,1669
waterlevel,DevEUI=A8404142B1000003,04/29/2025 22:45:35,,-90,3.315,1672,,,,1672
waterlevel,DevEUI=A8404142B1000003,04/29/2025 20:45:36,,-89,3.315,1679,,,,1679
waterlevel,DevEUI=A8404142B1000003,04/29/2025 18:45:36,,-89,3.322,1684,,,,1684
waterlevel,DevEUI=A8404142B1000003,04/29/2025 16:45:36,,-93,3.324,1696,,,,1696
waterlevel,DevEUI=A8404142B1000003,04/29/2025 14:45:36,,-93,3.331,1691,,,,1691
waterlevel,DevEUI=A8404142B1000003,04/29/2025 12:45:36,,-91,3.315,1679,,,,1679
waterlevel,DevEUI=A8404142B1000003,04/29/2025 10:45:36,,-90,3.306,1668,,,,1668
waterlevel,DevEUI=A8404142B1000003,04/29/2025 08:45:37,,-89,3.3,1658,,,,1658
waterlevel,DevEUI=A8404142B1000003,04/29/2025 06:45:37,,-89,3.304,1654,,,,1654
waterlevel,DevEUI=A8404142B1000003,04/29/2025 04:45:37,,-88,3.3,1654,,,,1654
waterlevel,DevEUI=A8404142B1000003,04/29/2025 02:45:36,,-85,3.304,1659,,,,1659
waterlevel,DevEUI=A8404142B1000003,04/29/2025 00:45:37,,-89,3.306,1661,,,,1661
waterlevel,DevEUI=A8404142B1000003,04/28/2025 22:45:37,,-90,3.309,1663,,,,1663
waterlevel,DevEUI=A8404142B1000003,04/28/2025 18:45:37,,-88,3.315,1675,,,,1675
waterlevel,DevEUI=A8404142B1000003,04/28/2025 16:45:37,,-93,3.317,1682,,,,1682
waterlevel,DevEUI=A8404142B1000003,04/28/2025 14:45:37,,-89,3.313,1681,,,,1681
waterlevel,DevEUI=A8404142B1000003,04/28/2025 12:45:38,,-90,3.309,1672,,,,1672
waterlevel,DevEUI=A8404142B1000003,04/28/2025 10:45:38,,-90,3.313,1658,,,,1658
waterlevel,DevEUI=A8404142B1000003,04/28/2025 08:45:37,,-89,3.289,1643,,,,1643
waterlevel,DevEUI=A8404142B1000003,04/28/2025 06:45:38,,-88,3.293,1637,,,,1637
waterlevel,DevEUI=A8404142B1000003,04/28/2025 04:45:38,,-87,3.296,1641,,,,1641
waterlevel,DevEUI=A8404142B1000003,04/28/2025 02:45:38,,-90,3.296,1643,,,,1643
waterlevel,DevEUI=A8404142B1000003,04/28/2025 00:45:38,,-90,3.293,1640,,,,1640
waterlevel,DevEUI=A8404142B1000003,04/27/2025 22:45:38,,-90,3.304,1642,,,,1642
waterlevel,DevEUI=A8404142B1000003,04/27/2025 20:45:38,,-89,3.302,1647,,,,1647
waterlevel,DevEUI=A8404142B1000003,04/27/2025 18:45:38,,-91,3.317,1654,,,,1654
waterlevel,DevEUI=A8404142B1000003,04/27/2025 16:45:38,,-89,3.311,1664,,,,1664
waterlevel,DevEUI=A8404142B1000003,04/27/2025 14:45:39,,-90,3.306,1659,,,,1659
waterlevel,DevEUI=A8404142B1000003,04/27/2025 12:45:39,,-89,3.309,1654,,,,1654
waterlevel,DevEUI=A8404142B1000003,04/27/2025 10:45:39,,-90,3.304,1646,,,,1646
waterlevel,DevEUI=A8404142B1000003,04/27/2025 08:45:39,,-87,3.28,1635,,,,1635
waterlevel,DevEUI=A8404142B1000003,04/27/2025 06:45:39,,-91,3.28,1631,,,,1631
waterlevel,DevEUI=A8404142B1000003,04/27/2025 04:45:39,,-90,3.289,1630,,,,1630
waterlevel,DevEUI=A8404142B1000003,04/27/2025 02:45:39,,-91,3.287,1632,,,,1632
waterlevel,DevEUI=A8404142B1000003,04/27/2025 00:45:39,,-87,3.291,1633,,,,1633
waterlevel,DevEUI=A8404142B1000003,04/26/2025 22:45:39,,-88,3.298,1636,,,,1636
waterlevel,DevEUI=A8404142B1000003,04/26/2025 20:45:39,,-90,3.304,1643,,,,1643
waterlevel,DevEUI=A8404142B1000003,04/26/2025 18:45:39,,-90,3.306,1646,,,,1646
waterlevel,DevEUI=A8404142B1000003,04/26/2025 16:45:40,,-93,3.304,1656,,,,1656
waterlevel,DevEUI=A8404142B1000003,04/26/2025 14:45:40,,-90,3.306,1651,,,,1651
waterlevel,DevEUI=A8404142B1000003,04/26/2025 12:45:40,,-95,3.296,1650,,,,1650
waterlevel,DevEUI=A8404142B1000003,04/26/2025 10:45:40,,-90,3.291,1634,,,,1634
waterlevel,DevEUI=A8404142B1000003,04/26/2025 08:45:40,,-86,3.285,1623,,,,1623
waterlevel,DevEUI=A8404142B1000003,04/26/2025 06:45:40,,-88,3.278,1621,,,,1621
waterlevel,DevEUI=A8404142B1000003,04/26/2025 04:45:40,,-89,3.283,1618,,,,1618
waterlevel,DevEUI=A8404142B1000003,04/26/2025 02:45:40,,-90,3.285,1618,,,,1618
waterlevel,DevEUI=A8404142B1000003,04/26/2025 00:45:40,,-87,3.289,1621,,,,1621
waterlevel,DevEUI=A8404142B1000003,04/25/2025 22:45:40,,-88,3.291,1622,,,,1622
waterlevel,DevEUI=A8404142B1000003,04/25/2025 20:45:40,,-90,3.302,1629,,,,1629
waterlevel,DevEUI=A8404142B1000003,04/25/2025 18:45:40,,-86,3.296,1678,,,,1678
waterlevel,DevEUI=A8404142B1000003,04/25/2025 16:45:41,,-93,3.298,1312,,,,1312
waterlevel,DevEUI=A8404142B1000003,04/25/2025 14:45:41,,-95,3.304,1309,,,,1309
waterlevel,DevEUI=A8404142B1000003,04/25/2025 12:45:41,,-93,3.296,1301,,,,1301
waterlevel,DevEUI=A8404142B1000003,04/25/2025 10:45:41,,-93,3.283,1286,,,,1286
waterlevel,DevEUI=A8404142B1000003,04/25/2025 08:45:41,,-89,3.28,1275,,,,1275
waterlevel,DevEUI=A8404142B1000003,04/25/2025 06:45:41,,-91,3.278,1279,,,,1279
waterlevel,DevEUI=A8404142B1000003,04/25/2025 04:45:41,,-91,3.278,1277,,,,1277
waterlevel,DevEUI=A8404142B1000003,04/25/2025 02:45:41,,-90,3.28,1277,,,,1277
waterlevel,DevEUI=A8404142B1000003,04/25/2025 00:45:41,,-93,3.285,1275,,,,1275
waterlevel,DevEUI=A8404142B1000003,04/24/2025 22:45:41,,-90,3.283,1276,,,,1276
waterlevel,DevEUI=A8404142B1000003,04/24/2025 20:45:41,,-90,3.285,1272,,,,1272
waterlevel,DevEUI=A8404142B1000003,04/24/2025 18:45:41,,-89,3.287,1273,,,,1273
waterlevel,DevEUI=A8404142B1000003,04/24/2025 16:45:41,,-90,3.287,1273,,,,1273
waterlevel,DevEUI=A8404142B1000003,04/24/2025 14:45:42,,-90,3.287,1273,,,,1273
waterlevel,DevEUI=A8404142B1000003,04/24/2025 12:45:42,,-89,3.287,1273,,,,1273
waterlevel,DevEUI=A8404142B1000003,04/24/2025 10:45:42,,-90,3.285,1275,,,,1275
waterlevel,DevEUI=A8404142B1000003,04/24/2025 08:45:42,,-89,3.285,1274,,,,1274
waterlevel,DevEUI=A8404142B1000003,04/24/2025 06:45:42,,-93,3.283,1271,,,,1271
waterlevel,DevEUI=A8404142B1000003,04/24/2025 04:45:42,,-91,3.283,1284,,,,1284
waterlevel,DevEUI=A8404142B1000003,04/24/2025 02:45:42,,-93,3.28,1300,,,,1300
waterlevel,DevEUI=A8404142B1000003,04/24/2025 00:45:42,,-91,3.285,1301,,,,1301
waterlevel,DevEUI=A8404142B1000003,04/23/2025 22:45:42,,-89,3.287,1304,,,,1304
waterlevel,DevEUI=A8404142B1000003,04/23/2025 20:45:42,,-87,3.287,1305,,,,1305
waterlevel,DevEUI=A8404142B1000003,04/23/2025 18:45:42,,-93,3.289,1304,,,,1304
waterlevel,DevEUI=A8404142B1000003,04/23/2025 16:45:42,,-91,3.289,1300,,,,1300
waterlevel,DevEUI=A8404142B1000003,04/23/2025 14:45:42,,-91,3.289,1304,,,,1304
waterlevel,DevEUI=A8404142B1000003,04/23/2025 12:45:43,,-91,3.287,1299,,,,1299
waterlevel,DevEUI=A8404142B1000003,04/23/2025 10:45:43,,-97,3.283,1311,,,,1311
waterlevel,DevEUI=A8404142B1000003,04/23/2025 08:45:43,,-87,3.283,1326,,,,1326
waterlevel,DevEUI=A8404142B1000003,04/23/2025 06:45:43,,-88,3.291,1323,,,,1323
waterlevel,DevEUI=A8404142B1000003,04/23/2025 04:45:42,,-86,3.296,1321,,,,1321
waterlevel,DevEUI=A8404142B1000003,04/23/2025 02:45:43,,-86,3.287,1322,,,,1322
waterlevel,DevEUI=A8404142B1000003,04/23/2025 00:45:43,,-86,3.287,1323,,,,1323
waterlevel,DevEUI=A8404142B1000003,04/22/2025 22:45:42,,-89,3.296,1325,,,,1325
waterlevel,DevEUI=A8404142B1000003,04/22/2025 20:45:43,,-89,3.309,1328,,,,1328
waterlevel,DevEUI=A8404142B1000003,04/22/2025 18:45:43,,-89,3.296,1330,,,,1330
waterlevel,DevEUI=A8404142B1000003,04/22/2025 16:45:43,,-87,3.304,1331,,,,1331
waterlevel,DevEUI=A8404142B1000003,04/22/2025 14:45:43,,-89,3.3,1330,,,,1330
waterlevel,DevEUI=A8404142B1000003,04/22/2025 12:45:44,,-89,3.3,1324,,,,1324
waterlevel,DevEUI=A8404142B1000003,04/22/2025 10:45:44,,-89,3.291,1318,,,,1318
waterlevel,DevEUI=A8404142B1000003,04/22/2025 08:45:44,,-89,3.283,1309,,,,1309
waterlevel,DevEUI=A8404142B1000003,04/22/2025 06:45:44,,-87,3.28,1305,,,,1305
waterlevel,DevEUI=A8404142B1000003,04/22/2025 04:45:44,,-90,3.287,1307,,,,1307
waterlevel,DevEUI=A8404142B1000003,04/22/2025 02:45:44,,-89,3.289,1309,,,,1309
waterlevel,DevEUI=A8404142B1000003,04/22/2025 00:45:44,,-86,3.293,1310,,,,1310
waterlevel,DevEUI=A8404142B1000003,04/21/2025 22:45:43,,-90,3.293,1310,,,,1310
waterlevel,DevEUI=A8404142B1000003,04/21/2025 20:45:44,,-87,3.293,1312,,,,1312
waterlevel,DevEUI=A8404142B1000003,04/21/2025 18:45:44,,-90,3.3,1316,,,,1316
waterlevel,DevEUI=A8404142B1000003,04/21/2025 16:45:44,,-90,3.311,1318,,,,1318
waterlevel,DevEUI=A8404142B1000003,04/21/2025 14:45:44,,-88,3.304,1317,,,,1317
waterlevel,DevEUI=A8404142B1000003,04/21/2025 12:45:45,,-89,3.302,1323,,,,1323
waterlevel,DevEUI=A8404142B1000003,04/21/2025 10:45:45,,-90,3.293,1309,,,,1309
waterlevel,DevEUI=A8404142B1000003,04/21/2025 08:45:45,,-91,3.287,1303,,,,1303
waterlevel,DevEUI=A8404142B1000003,04/21/2025 06:45:44,,-93,3.28,1297,,,,1297
waterlevel,DevEUI=A8404142B1000003,04/21/2025 04:45:45,,-90,3.293,1297,,,,1297
waterlevel,DevEUI=A8404142B1000003,04/21/2025 02:45:45,,-91,3.289,1297,,,,1297
waterlevel,DevEUI=A8404142B1000003,04/21/2025 00:45:45,,-90,3.293,1298,,,,1298
waterlevel,DevEUI=A8404142B1000003,04/20/2025 22:45:45,,-93,3.296,1299,,,,1299
waterlevel,DevEUI=A8404142B1000003,04/20/2025 20:45:45,,-93,3.296,1305,,,,1305
waterlevel,DevEUI=A8404142B1000003,04/20/2025 18:45:45,,-89,3.298,1319,,,,1319
waterlevel,DevEUI=A8404142B1000003,04/20/2025 16:45:45,,-90,3.3,1326,,,,1326
waterlevel,DevEUI=A8404142B1000003,04/20/2025 14:45:45,,-89,3.296,1321,,,,1321
waterlevel,DevEUI=A8404142B1000003,04/20/2025 12:45:46,,-91,3.293,1321,,,,1321
waterlevel,DevEUI=A8404142B1000003,04/20/2025 10:45:46,,-89,3.293,1313,,,,1313
waterlevel,DevEUI=A8404142B1000003,04/20/2025 08:45:46,,-90,3.289,1306,,,,1306
waterlevel,DevEUI=A8404142B1000003,04/20/2025 06:45:46,,-88,3.289,1308,,,,1308
waterlevel,DevEUI=A8404142B1000003,04/20/2025 04:45:46,,-89,3.296,1304,,,,1304
waterlevel,DevEUI=A8404142B1000003,04/20/2025 02:45:46,,-89,3.289,1306,,,,1306
waterlevel,DevEUI=A8404142B1000003,04/20/2025 00:45:46,,-87,3.296,1303,,,,1303
waterlevel,DevEUI=A8404142B1000003,04/19/2025 22:45:46,,-88,3.296,1305,,,,1305
waterlevel,DevEUI=A8404142B1000003,04/19/2025 20:45:46,,-88,3.304,1307,,,,1307
waterlevel,DevEUI=A8404142B1000003,04/19/2025 18:45:46,,-89,3.306,1315,,,,1315
waterlevel,DevEUI=A8404142B1000003,04/19/2025 16:45:46,,-93,3.309,1312,,,,1312
waterlevel,DevEUI=A8404142B1000003,04/19/2025 14:45:47,,-95,3.309,1313,,,,1313
waterlevel,DevEUI=A8404142B1000003,04/19/2025 12:45:47,,-87,3.306,1310,,,,1310
waterlevel,DevEUI=A8404142B1000003,04/19/2025 10:45:47,,-91,3.302,1300,,,,1300
waterlevel,DevEUI=A8404142B1000003,04/19/2025 08:45:47,,-89,3.298,1287,,,,1287
waterlevel,DevEUI=A8404142B1000003,04/19/2025 06:45:46,,-90,3.302,1285,,,,1285
waterlevel,DevEUI=A8404142B1000003,04/19/2025 04:45:47,,-89,3.293,1282,,,,1282
waterlevel,DevEUI=A8404142B1000003,04/19/2025 02:45:47,,-90,3.296,1283,,,,1283
waterlevel,DevEUI=A8404142B1000003,04/19/2025 00:45:47,,-86,3.296,1283,,,,1283
waterlevel,DevEUI=A8404142B1000003,04/18/2025 22:45:47,,-89,3.3,1284,,,,1284
waterlevel,DevEUI=A8404142B1000003,04/18/2025 20:45:47,,-89,3.304,1286,,,,1286
waterlevel,DevEUI=A8404142B1000003,04/18/2025 18:45:47,,-89,3.311,1291,,,,1291
waterlevel,DevEUI=A8404142B1000003,04/18/2025 16:45:48,,-89,3.32,1298,,,,1298
waterlevel,DevEUI=A8404142B1000003,04/18/2025 14:45:48,,-91,3.317,1299,,,,1299
waterlevel,DevEUI=A8404142B1000003,04/18/2025 12:45:48,,-87,3.311,1291,,,,1291
waterlevel,DevEUI=A8404142B1000003,04/18/2025 10:45:48,,-90,3.296,1279,,,,1279
waterlevel,DevEUI=A8404142B1000003,04/18/2025 08:45:48,,-89,3.285,1274,,,,1274
waterlevel,DevEUI=A8404142B1000003,04/18/2025 06:45:48,,-89,3.291,1273,,,,1273
waterlevel,DevEUI=A8404142B1000003,04/18/2025 04:45:48,,-90,3.296,1268,,,,1268
waterlevel,DevEUI=A8404142B1000003,04/18/2025 02:45:48,,-88,3.302,1270,,,,1270
waterlevel,DevEUI=A8404142B1000003,04/18/2025 00:45:48,,-87,3.302,1274,,,,1274
waterlevel,DevEUI=A8404142B1000003,04/17/2025 22:45:48,,-87,3.3,1271,,,,1271
waterlevel,DevEUI=A8404142B1000003,04/17/2025 20:45:48,,-90,3.306,1274,,,,1274
waterlevel,DevEUI=A8404142B1000003,04/17/2025 18:45:48,,-90,3.322,1277,,,,1277
waterlevel,DevEUI=A8404142B1000003,04/17/2025 16:45:48,,-88,3.315,1280,,,,1280
waterlevel,DevEUI=A8404142B1000003,04/17/2025 14:45:49,,-90,3.309,1275,,,,1275
waterlevel,DevEUI=A8404142B1000003,04/17/2025 12:45:49,,-89,3.311,1277,,,,1277
waterlevel,DevEUI=A8404142B1000003,04/17/2025 10:45:49,,-89,3.302,1264,,,,1264
waterlevel,DevEUI=A8404142B1000003,04/17/2025 08:45:49,,-85,3.309,1263,,,,1263
waterlevel,DevEUI=A8404142B1000003,04/17/2025 06:45:49,,-88,3.304,1261,,,,1261
waterlevel,DevEUI=A8404142B1000003,04/17/2025 04:45:49,,-88,3.293,1257,,,,1257
waterlevel,DevEUI=A8404142B1000003,04/17/2025 02:45:49,,-90,3.298,1256,,,,1256
waterlevel,DevEUI=A8404142B1000003,04/17/2025 00:45:49,,-89,3.302,1257,,,,1257
waterlevel,DevEUI=A8404142B1000003,04/16/2025 22:45:49,,-89,3.302,1258,,,,1258
waterlevel,DevEUI=A8404142B1000003,04/16/2025 20:45:49,,-88,3.306,1259,,,,1259
waterlevel,DevEUI=A8404142B1000003,04/16/2025 18:45:49,,-87,3.309,1267,,,,1267
waterlevel,DevEUI=A8404142B1000003,04/16/2025 16:45:49,,-90,3.306,1268,,,,1268
waterlevel,DevEUI=A8404142B1000003,04/16/2025 14:45:50,,-90,3.306,1257,,,,1257
waterlevel,DevEUI=A8404142B1000003,04/16/2025 12:45:50,,-93,3.311,1254,,,,1254
waterlevel,DevEUI=A8404142B1000003,04/16/2025 10:45:50,,-89,3.313,1252,,,,1252
waterlevel,DevEUI=A8404142B1000003,04/16/2025 08:45:50,,-90,3.302,1249,,,,1249
waterlevel,DevEUI=A8404142B1000003,04/16/2025 06:45:50,,-90,3.306,1244,,,,1244
waterlevel,DevEUI=A8404142B1000003,04/16/2025 04:45:50,,-88,3.3,1243,,,,1243
waterlevel,DevEUI=A8404142B1000003,04/16/2025 02:45:50,,-89,3.296,1244,,,,1244
waterlevel,DevEUI=A8404142B1000003,04/16/2025 00:45:50,,-89,3.309,1246,,,,1246
waterlevel,DevEUI=A8404142B1000003,04/15/2025 22:45:50,,-93,3.306,1252,,,,1252
waterlevel,DevEUI=A8404142B1000003,04/15/2025 20:45:50,,-90,3.311,1251,,,,1251
waterlevel,DevEUI=A8404142B1000003,04/15/2025 18:45:50,,-87,3.313,1267,,,,1267
waterlevel,DevEUI=A8404142B1000003,04/15/2025 16:45:51,,-90,3.315,1266,,,,1266
waterlevel,DevEUI=A8404142B1000003,04/15/2025 14:45:51,,-87,3.311,1263,,,,1263
waterlevel,DevEUI=A8404142B1000003,04/15/2025 12:45:50,,-87,3.313,1261,,,,1261
waterlevel,DevEUI=A8404142B1000003,04/15/2025 10:45:51,,-89,3.302,1255,,,,1255
waterlevel,DevEUI=A8404142B1000003,04/15/2025 08:45:51,,-89,3.3,1252,,,,1252
waterlevel,DevEUI=A8404142B1000003,04/15/2025 06:45:51,,-89,3.309,1254,,,,1254
waterlevel,DevEUI=A8404142B1000003,04/15/2025 04:45:51,,-87,3.298,1251,,,,1251
waterlevel,DevEUI=A8404142B1000003,04/15/2025 02:45:51,,-85,3.306,1252,,,,1252
waterlevel,DevEUI=A8404142B1000003,04/15/2025 00:45:51,,-89,3.304,1249,,,,1249
waterlevel,DevEUI=A8404142B1000003,04/14/2025 22:45:51,,-85,3.309,1249,,,,1249
waterlevel,DevEUI=A8404142B1000003,04/14/2025 20:45:51,,-87,3.313,1252,,,,1252
waterlevel,DevEUI=A8404142B1000003,04/14/2025 18:45:52,,-90,3.317,1254,,,,1254
waterlevel,DevEUI=A8404142B1000003,04/14/2025 16:45:52,,-90,3.317,1259,,,,1259
waterlevel,DevEUI=A8404142B1000003,04/14/2025 14:45:52,,-89,3.313,1260,,,,1260
waterlevel,DevEUI=A8404142B1000003,04/14/2025 12:45:52,,-90,3.309,1254,,,,1254
waterlevel,DevEUI=A8404142B1000003,04/14/2025 10:45:52,,-91,3.298,1244,,,,1244
waterlevel,DevEUI=A8404142B1000003,04/14/2025 08:45:52,,-91,3.291,1240,,,,1240
waterlevel,DevEUI=A8404142B1000003,04/14/2025 06:45:52,,-89,3.293,1239,,,,1239
waterlevel,DevEUI=A8404142B1000003,04/14/2025 04:45:52,,-91,3.302,1237,,,,1237
waterlevel,DevEUI=A8404142B1000003,04/14/2025 02:45:52,,-95,3.298,1246,,,,1246
waterlevel,DevEUI=A8404142B1000003,04/14/2025 00:45:52,,-86,3.302,1261,,,,1261
waterlevel,DevEUI=A8404142B1000003,04/13/2025 22:45:52,,-87,3.302,1261,,,,1261
waterlevel,DevEUI=A8404142B1000003,04/13/2025 20:45:52,,-85,3.317,1263,,,,1263
waterlevel,DevEUI=A8404142B1000003,04/13/2025 18:45:53,,-86,3.322,1267,,,,1267
waterlevel,DevEUI=A8404142B1000003,04/13/2025 16:45:52,,-85,3.313,1270,,,,1270
waterlevel,DevEUI=A8404142B1000003,04/13/2025 14:45:53,,-88,3.32,1269,,,,1269
waterlevel,DevEUI=A8404142B1000003,04/13/2025 12:45:53,,-89,3.317,1269,,,,1269
waterlevel,DevEUI=A8404142B1000003,04/13/2025 10:45:52,,-89,3.306,1260,,,,1260
waterlevel,DevEUI=A8404142B1000003,04/13/2025 08:45:53,,-90,3.3,1255,,,,1255
waterlevel,DevEUI=A8404142B1000003,04/13/2025 06:45:53,,-90,3.298,1255,,,,1255
waterlevel,DevEUI=A8404142B1000003,04/13/2025 04:45:53,,-93,3.304,1260,,,,1260
waterlevel,DevEUI=A8404142B1000003,04/13/2025 02:45:53,,-93,3.306,1258,,,,1258
waterlevel,DevEUI=A8404142B1000003,04/13/2025 00:45:54,,-89,3.311,1260,,,,1260
waterlevel,DevEUI=A8404142B1000003,04/12/2025 22:45:54,,-89,3.309,1261,,,,1261
waterlevel,DevEUI=A8404142B1000003,04/12/2025 20:45:54,,-88,3.317,1265,,,,1265
waterlevel,DevEUI=A8404142B1000003,04/12/2025 18:45:53,,-89,3.313,1264,,,,1264
waterlevel,DevEUI=A8404142B1000003,04/12/2025 16:45:53,,-89,3.315,1263,,,,1263
waterlevel,DevEUI=A8404142B1000003,04/12/2025 14:45:54,,-89,3.315,1261,,,,1261
waterlevel,DevEUI=A8404142B1000003,04/12/2025 12:45:54,,-89,3.306,1256,,,,1256
waterlevel,DevEUI=A8404142B1000003,04/12/2025 10:45:54,,-88,3.296,1246,,,,1246
waterlevel,DevEUI=A8404142B1000003,04/12/2025 08:45:54,,-87,3.289,1240,,,,1240
waterlevel,DevEUI=A8404142B1000003,04/12/2025 06:45:54,,-88,3.289,1239,,,,1239
waterlevel,DevEUI=A8404142B1000003,04/12/2025 04:45:54,,-89,3.289,1238,,,,1238
waterlevel,DevEUI=A8404142B1000003,04/12/2025 02:45:55,,-85,3.289,1238,,,,1238
waterlevel,DevEUI=A8404142B1000003,04/12/2025 00:45:55,,-85,3.291,1243,,,,1243
waterlevel,DevEUI=A8404142B1000003,04/11/2025 22:45:55,,-88,3.311,1245,,,,1245
waterlevel,DevEUI=A8404142B1000003,04/11/2025 20:45:55,,-89,3.311,1243,,,,1243
waterlevel,DevEUI=A8404142B1000003,04/11/2025 18:45:55,,-89,3.317,1247,,,,1247
waterlevel,DevEUI=A8404142B1000003,04/11/2025 16:45:54,,-87,3.322,1247,,,,1247
waterlevel,DevEUI=A8404142B1000003,04/11/2025 14:45:55,,-89,3.306,1250,,,,1250
waterlevel,DevEUI=A8404142B1000003,04/11/2025 12:45:55,,-87,3.298,1238,,,,1238
waterlevel,DevEUI=A8404142B1000003,04/11/2025 10:45:55,,-89,3.296,1229,,,,1229
waterlevel,DevEUI=A8404142B1000003,04/11/2025 08:45:55,,-89,3.285,1223,,,,1223
waterlevel,DevEUI=A8404142B1000003,04/11/2025 06:45:55,,-89,3.28,1224,,,,1224
waterlevel,DevEUI=A8404142B1000003,04/11/2025 04:45:55,,-89,3.283,1218,,,,1218
waterlevel,DevEUI=A8404142B1000003,04/11/2025 02:45:56,,-87,3.289,1218,,,,1218
waterlevel,DevEUI=A8404142B1000003,04/11/2025 00:45:56,,-87,3.289,1219,,,,1219
waterlevel,DevEUI=A8404142B1000003,04/10/2025 22:45:56,,-85,3.289,1219,,,,1219
waterlevel,DevEUI=A8404142B1000003,04/10/2025 20:45:56,,-87,3.298,1219,,,,1219
waterlevel,DevEUI=A8404142B1000003,04/10/2025 18:45:56,,-85,3.298,1221,,,,1221
waterlevel,DevEUI=A8404142B1000003,04/10/2025 14:45:56,,-88,3.298,1224,,,,1224
waterlevel,DevEUI=A8404142B1000003,04/10/2025 12:45:56,,-89,3.296,1223,,,,1223
waterlevel,DevEUI=A8404142B1000003,04/10/2025 10:45:56,,-87,3.289,1216,,,,1216
waterlevel,DevEUI=A8404142B1000003,04/10/2025 08:45:56,,-87,3.293,1209,,,,1209
waterlevel,DevEUI=A8404142B1000003,04/10/2025 06:45:56,,-89,3.289,1208,,,,1208
waterlevel,DevEUI=A8404142B1000003,04/10/2025 04:45:56,,-87,3.289,1205,,,,1205
waterlevel,DevEUI=A8404142B1000003,04/10/2025 02:45:57,,-85,3.289,1205,,,,1205
waterlevel,DevEUI=A8404142B1000003,04/10/2025 00:45:57,,-89,3.289,1205,,,,1205
waterlevel,DevEUI=A8404142B1000003,04/09/2025 22:45:57,,-87,3.302,1205,,,,1205
waterlevel,DevEUI=A8404142B1000003,04/09/2025 20:45:57,,-89,3.296,1208,,,,1208
waterlevel,DevEUI=A8404142B1000003,04/09/2025 18:45:56,,-87,3.304,1206,,,,1206
waterlevel,DevEUI=A8404142B1000003,04/09/2025 16:45:57,,-87,3.304,1211,,,,1211
waterlevel,DevEUI=A8404142B1000003,04/09/2025 14:45:57,,-89,3.3,1212,,,,1212
waterlevel,DevEUI=A8404142B1000003,04/09/2025 12:45:57,,-87,3.304,1205,,,,1205
waterlevel,DevEUI=A8404142B1000003,04/09/2025 10:45:57,,-85,3.302,1197,,,,1197
waterlevel,DevEUI=A8404142B1000003,04/09/2025 08:45:57,,-87,3.293,1191,,,,1191
waterlevel,DevEUI=A8404142B1000003,04/09/2025 06:45:57,,-87,3.287,1190,,,,1190
waterlevel,DevEUI=A8404142B1000003,04/09/2025 04:45:57,,-88,3.289,1188,,,,1188
waterlevel,DevEUI=A8404142B1000003,04/09/2025 02:45:58,,-89,3.289,1188,,,,1188
waterlevel,DevEUI=A8404142B1000003,04/09/2025 00:45:58,,-87,3.296,1188,,,,1188
waterlevel,DevEUI=A8404142B1000003,04/08/2025 22:45:58,,-89,3.285,1189,,,,1189
waterlevel,DevEUI=A8404142B1000003,04/08/2025 20:45:58,,-89,3.3,1194,,,,1194
waterlevel,DevEUI=A8404142B1000003,04/08/2025 18:45:58,,-89,3.302,1194,,,,1194
waterlevel,DevEUI=A8404142B1000003,04/08/2025 16:45:58,,-85,3.311,1201,,,,1201
waterlevel,DevEUI=A8404142B1000003,04/08/2025 14:45:58,,-88,3.296,1199,,,,1199
waterlevel,DevEUI=A8404142B1000003,04/08/2025 12:45:58,,-89,3.293,1193,,,,1193
waterlevel,DevEUI=A8404142B1000003,04/08/2025 10:45:58,,-89,3.28,1179,,,,1179
waterlevel,DevEUI=A8404142B1000003,04/08/2025 08:45:58,,-89,3.276,1176,,,,1176
waterlevel,DevEUI=A8404142B1000003,04/08/2025 06:45:58,,-89,3.272,1175,,,,1175
waterlevel,DevEUI=A8404142B1000003,04/08/2025 04:45:59,,-85,3.274,1170,,,,1170
waterlevel,DevEUI=A8404142B1000003,04/08/2025 02:45:59,,-87,3.28,1169,,,,1169
waterlevel,DevEUI=A8404142B1000003,04/08/2025 00:45:59,,-87,3.3,1170,,,,1170
waterlevel,DevEUI=A8404142B1000003,04/07/2025 22:45:59,,-89,3.283,1169,,,,1169
waterlevel,DevEUI=A8404142B1000003,04/07/2025 20:45:59,,-86,3.291,1172,,,,1172
waterlevel,DevEUI=A8404142B1000003,04/07/2025 18:45:59,,-87,3.293,1169,,,,1169
waterlevel,DevEUI=A8404142B1000003,04/07/2025 16:45:59,,-90,3.302,1183,,,,1183
waterlevel,DevEUI=A8404142B1000003,04/07/2025 14:45:59,,-87,3.3,1178,,,,1178
waterlevel,DevEUI=A8404142B1000003,04/07/2025 12:45:59,,-88,3.289,1178,,,,1178
waterlevel,DevEUI=A8404142B1000003,04/07/2025 10:45:59,,-87,3.278,1165,,,,1165
waterlevel,DevEUI=A8404142B1000003,04/07/2025 08:45:59,,-87,3.274,1158,,,,1158
waterlevel,DevEUI=A8404142B1000003,04/07/2025 06:45:59,,-87,3.291,1157,,,,1157
waterlevel,DevEUI=A8404142B1000003,04/07/2025 04:46:00,,-85,3.278,1155,,,,1155
waterlevel,DevEUI=A8404142B1000003,04/07/2025 02:46:00,,-85,3.283,1155,,,,1155
waterlevel,DevEUI=A8404142B1000003,04/07/2025 00:46:00,,-85,3.285,1155,,,,1155
waterlevel,DevEUI=A8404142B1000003,04/06/2025 22:46:00,,-85,3.28,1155,,,,1155
waterlevel,DevEUI=A8404142B1000003,04/06/2025 20:46:00,,-89,3.304,1158,,,,1158
waterlevel,DevEUI=A8404142B1000003,04/06/2025 18:46:00,,-85,3.293,1158,,,,1158
waterlevel,DevEUI=A8404142B1000003,04/06/2025 16:46:00,,-88,3.298,1165,,,,1165
waterlevel,DevEUI=A8404142B1000003,04/06/2025 12:46:00,,-93,3.287,1167,,,,1167
waterlevel,DevEUI=A8404142B1000003,04/06/2025 10:46:00,,-87,3.28,1153,,,,1153
waterlevel,DevEUI=A8404142B1000003,04/06/2025 08:46:00,,-87,3.272,1151,,,,1151
waterlevel,DevEUI=A8404142B1000003,04/06/2025 06:46:01,,-87,3.259,1149,,,,1149
waterlevel,DevEUI=A8404142B1000003,04/06/2025 04:46:01,,-87,3.272,1149,,,,1149
waterlevel,DevEUI=A8404142B1000003,04/06/2025 02:46:00,,-88,3.285,1149,,,,1149
waterlevel,DevEUI=A8404142B1000003,04/06/2025 00:46:01,,-86,3.276,1150,,,,1150
waterlevel,DevEUI=A8404142B1000003,04/05/2025 22:46:01,,-87,3.278,1152,,,,1152
waterlevel,DevEUI=A8404142B1000003,04/05/2025 20:46:01,,-87,3.283,1153,,,,1153
waterlevel,DevEUI=A8404142B1000003,04/05/2025 18:46:01,,-89,3.302,1157,,,,1157
waterlevel,DevEUI=A8404142B1000003,04/05/2025 16:46:01,,-87,3.3,1165,,,,1165
waterlevel,DevEUI=A8404142B1000003,04/05/2025 14:46:01,,-89,3.291,1169,,,,1169
waterlevel,DevEUI=A8404142B1000003,04/05/2025 12:46:01,,-88,3.28,1159,,,,1159
waterlevel,DevEUI=A8404142B1000003,04/05/2025 10:46:01,,-89,3.276,1149,,,,1149
waterlevel,DevEUI=A8404142B1000003,04/05/2025 08:46:02,,-89,3.255,1144,,,,1144
waterlevel,DevEUI=A8404142B1000003,04/05/2025 06:46:02,,-90,3.27,1144,,,,1144
waterlevel,DevEUI=A8404142B1000003,04/05/2025 04:46:02,,-89,3.268,1142,,,,1142
waterlevel,DevEUI=A8404142B1000003,04/05/2025 02:46:02,,-90,3.272,1145,,,,1145
waterlevel,DevEUI=A8404142B1000003,04/05/2025 00:46:02,,-87,3.276,1145,,,,1145
waterlevel,DevEUI=A8404142B1000003,04/04/2025 22:46:02,,-89,3.28,1143,,,,1143
waterlevel,DevEUI=A8404142B1000003,04/04/2025 18:46:02,,-91,3.283,1154,,,,1154
waterlevel,DevEUI=A8404142B1000003,04/04/2025 16:46:02,,-91,3.287,1157,,,,1157
waterlevel,DevEUI=A8404142B1000003,04/04/2025 14:46:02,,-93,3.291,1155,,,,1155
waterlevel,DevEUI=A8404142B1000003,04/04/2025 12:46:02,,-93,3.276,1148,,,,1148
waterlevel,DevEUI=A8404142B1000003,04/04/2025 10:46:03,,-96,3.259,1139,,,,1139
waterlevel,DevEUI=A8404142B1000003,04/04/2025 08:46:03,,-93,3.255,1134,,,,1134
waterlevel,DevEUI=A8404142B1000003,04/04/2025 06:46:03,,-93,3.261,1133,,,,1133
waterlevel,DevEUI=A8404142B1000003,04/04/2025 04:46:03,,-93,3.259,1130,,,,1130
waterlevel,DevEUI=A8404142B1000003,04/04/2025 02:46:03,,-94,3.268,1132,,,,1132
waterlevel,DevEUI=A8404142B1000003,04/04/2025 00:46:03,,-92,3.27,1134,,,,1134
waterlevel,DevEUI=A8404142B1000003,04/03/2025 22:46:03,,-94,3.27,1136,,,,1136
waterlevel,DevEUI=A8404142B1000003,04/03/2025 20:46:03,,-95,3.276,1138,,,,1138
waterlevel,DevEUI=A8404142B1000003,04/03/2025 18:46:03,,-95,3.276,1139,,,,1139
waterlevel,DevEUI=A8404142B1000003,04/03/2025 16:46:03,,-97,3.276,1145,,,,1145
waterlevel,DevEUI=A8404142B1000003,04/03/2025 14:46:03,,-99,3.274,1142,,,,1142
waterlevel,DevEUI=A8404142B1000003,04/03/2025 12:46:03,,-99,3.268,1136,,,,1136
waterlevel,DevEUI=A8404142B1000003,04/03/2025 10:46:04,,-95,3.261,1126,,,,1126
waterlevel,DevEUI=A8404142B1000003,04/03/2025 08:46:04,,-96,3.255,1118,,,,1118
waterlevel,DevEUI=A8404142B1000003,04/03/2025 06:46:04,,-91,3.253,1113,,,,1113
waterlevel,DevEUI=A8404142B1000003,04/03/2025 04:46:04,,-95,3.265,1107,,,,1107
waterlevel,DevEUI=A8404142B1000003,04/03/2025 02:46:04,,-91,3.255,1107,,,,1107
waterlevel,DevEUI=A8404142B1000003,04/03/2025 00:46:04,,-92,3.265,1107,,,,1107
waterlevel,DevEUI=A8404142B1000003,04/02/2025 22:46:04,,-94,3.263,1108,,,,1108
waterlevel,DevEUI=A8404142B1000003,04/02/2025 20:46:04,,-95,3.276,1109,,,,1109
waterlevel,DevEUI=A8404142B1000003,04/02/2025 18:46:04,,-97,3.272,1111,,,,1111
waterlevel,DevEUI=A8404142B1000003,04/02/2025 16:46:04,,-96,3.283,1116,,,,1116
waterlevel,DevEUI=A8404142B1000003,04/02/2025 14:46:04,,-101,3.28,1108,,,,1108
waterlevel,DevEUI=A8404142B1000003,04/02/2025 12:46:04,,-99,3.265,1102,,,,1102
waterlevel,DevEUI=A8404142B1000003,04/02/2025 10:46:04,,-97,3.255,1093,,,,1093
waterlevel,DevEUI=A8404142B1000003,04/02/2025 08:46:04,,-97,3.246,1089,,,,1089
waterlevel,DevEUI=A8404142B1000003,04/02/2025 06:46:05,,-96,3.249,1080,,,,1080
waterlevel,DevEUI=A8404142B1000003,04/02/2025 04:46:05,,-95,3.249,1076,,,,1076
waterlevel,DevEUI=A8404142B1000003,04/02/2025 02:46:05,,-97,3.251,1077,,,,1077
waterlevel,DevEUI=A8404142B1000003,04/02/2025 00:46:05,,-96,3.251,1077,,,,1077
waterlevel,DevEUI=A8404142B1000003,04/01/2025 22:46:05,,-97,3.255,1078,,,,1078
waterlevel,DevEUI=A8404142B1000003,04/01/2025 20:46:05,,-96,3.259,1074,,,,1074
waterlevel,DevEUI=A8404142B1000003,04/01/2025 18:46:05,,-103,3.261,1079,,,,1079
waterlevel,DevEUI=A8404142B1000003,04/01/2025 16:46:05,,-101,3.283,1082,,,,1082
waterlevel,DevEUI=A8404142B1000003,04/01/2025 14:46:05,,-100,3.276,1081,,,,1081
waterlevel,DevEUI=A8404142B1000003,04/01/2025 12:46:05,,-101,3.261,1075,,,,1075
waterlevel,DevEUI=A8404142B1000003,04/01/2025 10:46:05,,-101,3.255,1068,,,,1068
waterlevel,DevEUI=A8404142B1000003,04/01/2025 08:46:05,,-99,3.244,1060,,,,1060
waterlevel,DevEUI=A8404142B1000003,04/01/2025 06:46:05,,-99,3.253,1055,,,,1055
waterlevel,DevEUI=A8404142B1000003,04/01/2025 04:46:05,,-99,3.249,1055,,,,1055
waterlevel,DevEUI=A8404142B1000003,04/01/2025 02:46:05,,-101,3.251,1056,,,,1056
waterlevel,DevEUI=A8404142B1000003,04/01/2025 00:46:06,,-99,3.261,1056,,,,1056
waterlevel,DevEUI=A8404142B1000003,03/31/2025 22:46:06,,-99,3.255,1057,,,,1057
waterlevel,DevEUI=A8404142B1000003,03/31/2025 20:46:06,,-101,3.263,1057,,,,1057
waterlevel,DevEUI=A8404142B1000003,03/31/2025 18:46:06,,-99,3.259,1059,,,,1059
waterlevel,DevEUI=A8404142B1000003,03/31/2025 16:46:06,,-99,3.274,1066,,,,1066
waterlevel,DevEUI=A8404142B1000003,03/31/2025 14:46:06,,-96,3.272,1065,,,,1065
waterlevel,DevEUI=A8404142B1000003,03/31/2025 12:46:06,,-102,3.265,1061,,,,1061
waterlevel,DevEUI=A8404142B1000003,03/31/2025 10:46:06,,-99,3.253,1050,,,,1050
waterlevel,DevEUI=A8404142B1000003,03/31/2025 08:46:06,,-99,3.249,1046,,,,1046
waterlevel,DevEUI=A8404142B1000003,03/31/2025 06:46:06,,-100,3.259,1040,,,,1040
waterlevel,DevEUI=A8404142B1000003,03/31/2025 04:46:06,,-99,3.261,1039,,,,1039
waterlevel,DevEUI=A8404142B1000003,03/31/2025 02:46:06,,-97,3.257,1040,,,,1040
waterlevel,DevEUI=A8404142B1000003,03/31/2025 00:46:06,,-97,3.268,1040,,,,1040
waterlevel,DevEUI=A8404142B1000003,03/30/2025 22:46:06,,-97,3.261,1041,,,,1041
waterlevel,DevEUI=A8404142B1000003,03/30/2025 18:46:07,,-101,3.27,1044,,,,1044
waterlevel,DevEUI=A8404142B1000003,03/30/2025 16:46:07,,-99,3.27,1044,,,,1044
waterlevel,DevEUI=A8404142B1000003,03/30/2025 14:46:07,,-101,3.272,1044,,,,1044
waterlevel,DevEUI=A8404142B1000003,03/30/2025 12:46:07,,-101,3.259,1040,,,,1040
waterlevel,DevEUI=A8404142B1000003,03/30/2025 10:46:07,,-101,3.259,1035,,,,1035
waterlevel,DevEUI=A8404142B1000003,03/30/2025 08:46:07,,-101,3.259,1033,,,,1033
waterlevel,DevEUI=A8404142B1000003,03/30/2025 06:46:07,,-105,3.253,1030,,,,1030
waterlevel,DevEUI=A8404142B1000003,03/30/2025 04:46:07,,-101,3.255,1028,,,,1028
waterlevel,DevEUI=A8404142B1000003,03/30/2025 01:46:07,,-102,3.27,1028,,,,1028
waterlevel,DevEUI=A8404142B1000003,03/29/2025 23:46:07,,-97,3.259,1027,,,,1027
waterlevel,DevEUI=A8404142B1000003,03/29/2025 21:46:07,,-99,3.255,1027,,,,1027
waterlevel,DevEUI=A8404142B1000003,03/29/2025 19:46:07,,-101,3.265,1028,,,,1028
waterlevel,DevEUI=A8404142B1000003,03/29/2025 17:46:07,,-101,3.272,1031,,,,1031
waterlevel,DevEUI=A8404142B1000003,03/29/2025 15:46:07,,-97,3.276,1034,,,,1034
waterlevel,DevEUI=A8404142B1000003,03/29/2025 13:46:07,,-101,3.272,1032,,,,1032
waterlevel,DevEUI=A8404142B1000003,03/29/2025 11:46:08,,-96,3.261,1028,,,,1028
waterlevel,DevEUI=A8404142B1000003,03/29/2025 09:46:08,,-99,3.255,1022,,,,1022
waterlevel,DevEUI=A8404142B1000003,03/29/2025 07:46:08,,-101,3.251,1018,,,,1018
waterlevel,DevEUI=A8404142B1000003,03/29/2025 05:46:08,,-101,3.255,1015,,,,1015
waterlevel,DevEUI=A8404142B1000003,03/29/2025 03:46:08,,-99,3.261,1012,,,,1012
waterlevel,DevEUI=A8404142B1000003,03/29/2025 01:46:08,,-99,3.265,1013,,,,1013
waterlevel,DevEUI=A8404142B1000003,03/28/2025 23:46:08,,-102,3.259,1014,,,,1014
waterlevel,DevEUI=A8404142B1000003,03/28/2025 21:46:08,,-101,3.265,1014,,,,1014
waterlevel,DevEUI=A8404142B1000003,03/28/2025 19:46:08,,-100,3.265,1012,,,,1012
waterlevel,DevEUI=A8404142B1000003,03/28/2025 17:46:08,,-104,3.265,1034,,,,1034
waterlevel,DevEUI=A8404142B1000003,03/28/2025 15:46:08,,-105,3.268,1040,,,,1040
waterlevel,DevEUI=A8404142B1000003,03/28/2025 13:46:08,,-96,3.27,1050,,,,1050
waterlevel,DevEUI=A8404142B1000003,03/28/2025 11:46:08,,-97,3.261,1049,,,,1049
waterlevel,DevEUI=A8404142B1000003,03/28/2025 09:46:08,,-96,3.255,1046,,,,1046
waterlevel,DevEUI=A8404142B1000003,03/28/2025 07:46:08,,-101,3.259,1042,,,,1042
waterlevel,DevEUI=A8404142B1000003,03/28/2025 05:46:09,,-96,3.249,1040,,,,1040
waterlevel,DevEUI=A8404142B1000003,03/28/2025 03:46:09,,-97,3.255,1038,,,,1038
waterlevel,DevEUI=A8404142B1000003,03/28/2025 01:46:09,,-95,3.255,1038,,,,1038
waterlevel,DevEUI=A8404142B1000003,03/27/2025 23:46:09,,-94,3.261,1038,,,,1038
waterlevel,DevEUI=A8404142B1000003,03/27/2025 21:46:09,,-95,3.268,1039,,,,1039
waterlevel,DevEUI=A8404142B1000003,03/27/2025 19:46:09,,-96,3.272,1040,,,,1040
waterlevel,DevEUI=A8404142B1000003,03/27/2025 17:46:09,,-97,3.278,1040,,,,1040
waterlevel,DevEUI=A8404142B1000003,03/27/2025 15:46:08,,-101,3.283,1048,,,,1048
waterlevel,DevEUI=A8404142B1000003,03/27/2025 13:46:09,,-100,3.283,1047,,,,1047
waterlevel,DevEUI=A8404142B1000003,03/27/2025 11:46:09,,-102,3.268,1039,,,,1039
waterlevel,DevEUI=A8404142B1000003,03/27/2025 09:46:09,,-105,3.249,1031,,,,1031
waterlevel,DevEUI=A8404142B1000003,03/27/2025 07:46:09,,-102,3.249,1021,,,,1021
waterlevel,DevEUI=A8404142B1000003,03/27/2025 05:46:09,,-100,3.251,1011,,,,1011
waterlevel,DevEUI=A8404142B1000003,03/27/2025 03:46:09,,-101,3.265,1011,,,,1011
waterlevel,DevEUI=A8404142B1000003,03/27/2025 01:46:09,,-101,3.255,1011,,,,1011
waterlevel,DevEUI=A8404142B1000003,03/26/2025 23:46:10,,-101,3.268,1011,,,,1011
waterlevel,DevEUI=A8404142B1000003,03/26/2025 21:46:10,,-102,3.265,1011,,,,1011
waterlevel,DevEUI=A8404142B1000003,03/26/2025 19:46:10,,-98,3.268,1009,,,,1009
waterlevel,DevEUI=A8404142B1000003,03/26/2025 17:46:10,,-102,3.272,1015,,,,1015
waterlevel,DevEUI=A8404142B1000003,03/26/2025 15:46:10,,-102,3.278,1017,,,,1017
waterlevel,DevEUI=A8404142B1000003,03/26/2025 13:46:10,,-103,3.274,1016,,,,1016
waterlevel,DevEUI=A8404142B1000003,03/26/2025 11:46:10,,-103,3.272,1010,,,,1010
waterlevel,DevEUI=A8404142B1000003,03/26/2025 09:46:10,,-105,3.261,1005,,,,1005
waterlevel,DevEUI=A8404142B1000003,03/26/2025 07:46:10,,-105,3.255,995,,,,995
waterlevel,DevEUI=A8404142B1000003,03/26/2025 05:46:10,,-105,3.253,997,,,,997
waterlevel,DevEUI=A8404142B1000003,03/26/2025 03:46:10,,-105,3.263,994,,,,994
waterlevel,DevEUI=A8404142B1000003,03/26/2025 01:46:10,,-105,3.263,991,,,,991
waterlevel,DevEUI=A8404142B1000003,03/25/2025 23:46:10,,-107,3.27,998,,,,998
waterlevel,DevEUI=A8404142B1000003,03/25/2025 21:46:10,,-103,3.263,996,,,,996
waterlevel,DevEUI=A8404142B1000003,03/25/2025 19:46:10,,-103,3.278,1000,,,,1000
waterlevel,DevEUI=A8404142B1000003,03/25/2025 17:46:10,,-99,3.272,999,,,,999
waterlevel,DevEUI=A8404142B1000003,03/25/2025 15:46:11,,-102,3.272,1001,,,,1001
waterlevel,DevEUI=A8404142B1000003,03/25/2025 13:46:11,,-101,3.265,994,,,,994
waterlevel,DevEUI=A8404142B1000003,03/25/2025 11:46:11,,-99,3.272,994,,,,994
waterlevel,DevEUI=A8404142B1000003,03/25/2025 09:46:11,,-102,3.246,988,,,,988
waterlevel,DevEUI=A8404142B1000003,03/25/2025 07:46:11,,-101,3.244,985,,,,985
waterlevel,DevEUI=A8404142B1000003,03/25/2025 05:46:11,,-101,3.257,984,,,,984
waterlevel,DevEUI=A8404142B1000003,03/25/2025 03:46:11,,-101,3.246,975,,,,975
waterlevel,DevEUI=A8404142B1000003,03/25/2025 01:46:11,,-100,3.255,979,,,,979
waterlevel,DevEUI=A8404142B1000003,03/24/2025 23:46:11,,-99,3.255,980,,,,980
waterlevel,DevEUI=A8404142B1000003,03/24/2025 21:46:11,,-101,3.253,981,,,,981
waterlevel,DevEUI=A8404142B1000003,03/24/2025 19:46:11,,-101,3.259,978,,,,978
waterlevel,DevEUI=A8404142B1000003,03/24/2025 17:46:11,,-99,3.259,971,,,,971
waterlevel,DevEUI=A8404142B1000003,03/24/2025 15:46:11,,-100,3.263,977,,,,977
waterlevel,DevEUI=A8404142B1000003,03/24/2025 13:46:11,,-101,3.261,976,,,,976
waterlevel,DevEUI=A8404142B1000003,03/24/2025 11:46:12,,-99,3.265,971,,,,971
waterlevel,DevEUI=A8404142B1000003,03/24/2025 09:46:12,,-101,3.255,968,,,,968
waterlevel,DevEUI=A8404142B1000003,03/24/2025 07:46:12,,-97,3.255,962,,,,962
waterlevel,DevEUI=A8404142B1000003,03/24/2025 05:46:12,,-99,3.265,965,,,,965
waterlevel,DevEUI=A8404142B1000003,03/24/2025 03:46:12,,-99,3.259,964,,,,964
waterlevel,DevEUI=A8404142B1000003,03/24/2025 01:46:12,,-101,3.259,964,,,,964
waterlevel,DevEUI=A8404142B1000003,03/23/2025 23:46:12,,-97,3.255,964,,,,964
waterlevel,DevEUI=A8404142B1000003,03/23/2025 21:46:12,,-99,3.268,965,,,,965
waterlevel,DevEUI=A8404142B1000003,03/23/2025 19:46:12,,-99,3.276,967,,,,967
waterlevel,DevEUI=A8404142B1000003,03/23/2025 17:46:12,,-101,3.274,969,,,,969
waterlevel,DevEUI=A8404142B1000003,03/23/2025 15:46:12,,-100,3.285,965,,,,965
waterlevel,DevEUI=A8404142B1000003,03/23/2025 13:46:12,,-99,3.278,971,,,,971
waterlevel,DevEUI=A8404142B1000003,03/23/2025 11:46:12,,-105,3.272,968,,,,968
waterlevel,DevEUI=A8404142B1000003,03/23/2025 09:46:13,,-108,3.257,955,,,,955
waterlevel,DevEUI=A8404142B1000003,03/23/2025 07:46:13,,-103,3.253,956,,,,956
waterlevel,DevEUI=A8404142B1000003,03/23/2025 05:46:13,,-105,3.255,951,,,,951
waterlevel,DevEUI=A8404142B1000003,03/23/2025 03:46:13,,-101,3.255,952,,,,952
waterlevel,DevEUI=A8404142B1000003,03/23/2025 01:46:13,,-103,3.259,949,,,,949
waterlevel,DevEUI=A8404142B1000003,03/22/2025 23:46:13,,-103,3.257,964,,,,964
waterlevel,DevEUI=A8404142B1000003,03/22/2025 21:46:13,,-99,3.257,968,,,,968
waterlevel,DevEUI=A8404142B1000003,03/22/2025 19:46:13,,-97,3.259,971,,,,971
waterlevel,DevEUI=A8404142B1000003,03/22/2025 17:46:13,,-99,3.265,974,,,,974
waterlevel,DevEUI=A8404142B1000003,03/22/2025 15:46:13,,-99,3.268,974,,,,974
waterlevel,DevEUI=A8404142B1000003,03/22/2025 13:46:13,,-102,3.274,974,,,,974
waterlevel,DevEUI=A8404142B1000003,03/22/2025 11:46:13,,-101,3.259,971,,,,971
waterlevel,DevEUI=A8404142B1000003,03/22/2025 09:46:13,,-97,3.261,959,,,,959
waterlevel,DevEUI=A8404142B1000003,03/22/2025 07:46:13,,-100,3.263,958,,,,958
waterlevel,DevEUI=A8404142B1000003,03/22/2025 05:46:13,,-97,3.257,953,,,,953
waterlevel,DevEUI=A8404142B1000003,03/22/2025 03:46:14,,-101,3.259,953,,,,953
waterlevel,DevEUI=A8404142B1000003,03/22/2025 01:46:14,,-96,3.257,954,,,,954
waterlevel,DevEUI=A8404142B1000003,03/21/2025 23:46:14,,-99,3.255,951,,,,951
waterlevel,DevEUI=A8404142B1000003,03/21/2025 21:46:14,,-99,3.274,952,,,,952
waterlevel,DevEUI=A8404142B1000003,03/21/2025 19:46:14,,-99,3.263,956,,,,956
waterlevel,DevEUI=A8404142B1000003,03/21/2025 17:46:14,,-103,3.265,956,,,,956
waterlevel,DevEUI=A8404142B1000003,03/21/2025 15:46:14,,-101,3.268,957,,,,957
waterlevel,DevEUI=A8404142B1000003,03/21/2025 13:46:14,,-105,3.265,956,,,,956
waterlevel,DevEUI=A8404142B1000003,03/21/2025 11:46:14,,-101,3.261,950,,,,950
waterlevel,DevEUI=A8404142B1000003,03/21/2025 09:46:14,,-103,3.249,936,,,,936
waterlevel,DevEUI=A8404142B1000003,03/21/2025 07:46:14,,-101,3.249,931,,,,931
waterlevel,DevEUI=A8404142B1000003,03/21/2025 05:46:14,,-97,3.242,924,,,,924
waterlevel,DevEUI=A8404142B1000003,03/21/2025 03:46:14,,-96,3.244,923,,,,923
waterlevel,DevEUI=A8404142B1000003,03/21/2025 01:46:15,,-95,3.24,924,,,,924
waterlevel,DevEUI=A8404142B1000003,03/20/2025 23:46:15,,-96,3.246,925,,,,925
waterlevel,DevEUI=A8404142B1000003,03/20/2025 21:46:15,,-96,3.255,926,,,,926
waterlevel,DevEUI=A8404142B1000003,03/20/2025 19:46:15,,-96,3.257,931,,,,931
waterlevel,DevEUI=A8404142B1000003,03/20/2025 17:46:14,,-95,3.272,931,,,,931
waterlevel,DevEUI=A8404142B1000003,03/20/2025 15:46:15,,-99,3.276,932,,,,932
waterlevel,DevEUI=A8404142B1000003,03/20/2025 13:46:15,,-100,3.259,925,,,,925
waterlevel,DevEUI=A8404142B1000003,03/20/2025 11:46:15,,-101,3.255,923,,,,923
waterlevel,DevEUI=A8404142B1000003,03/20/2025 09:46:15,,-99,3.236,916,,,,916
waterlevel,DevEUI=A8404142B1000003,03/20/2025 07:46:15,,-98,3.232,900,,,,900
waterlevel,DevEUI=A8404142B1000003,03/20/2025 05:46:15,,-99,3.253,896,,,,896
waterlevel,DevEUI=A8404142B1000003,03/20/2025 03:46:15,,-97,3.244,899,,,,899
waterlevel,DevEUI=A8404142B1000003,03/20/2025 01:46:15,,-99,3.238,896,,,,896
waterlevel,DevEUI=A8404142B1000003,03/19/2025 23:46:15,,-99,3.236,896,,,,896
waterlevel,DevEUI=A8404142B1000003,03/19/2025 21:46:15,,-97,3.251,897,,,,897
waterlevel,DevEUI=A8404142B1000003,03/19/2025 19:46:15,,-97,3.251,890,,,,890
waterlevel,DevEUI=A8404142B1000003,03/19/2025 17:46:16,,-103,3.253,896,,,,896
waterlevel,DevEUI=A8404142B1000003,03/19/2025 15:46:16,,-102,3.255,899,,,,899
waterlevel,DevEUI=A8404142B1000003,03/19/2025 13:46:16,,-101,3.253,898,,,,898
waterlevel,DevEUI=A8404142B1000003,03/19/2025 11:46:16,,-101,3.244,890,,,,890
waterlevel,DevEUI=A8404142B1000003,03/19/2025 09:46:16,,-102,3.238,880,,,,880
waterlevel,DevEUI=A8404142B1000003,03/19/2025 07:46:16,,-99,3.244,881,,,,881
waterlevel,DevEUI=A8404142B1000003,03/19/2025 05:46:16,,-99,3.251,880,,,,880
waterlevel,DevEUI=A8404142B1000003,03/19/2025 03:46:16,,-101,3.251,881,,,,881
waterlevel,DevEUI=A8404142B1000003,03/19/2025 01:46:16,,-102,3.253,880,,,,880
waterlevel,DevEUI=A8404142B1000003,03/18/2025 23:46:16,,-100,3.255,881,,,,881
waterlevel,DevEUI=A8404142B1000003,03/18/2025 21:46:16,,-100,3.24,882,,,,882
waterlevel,DevEUI=A8404142B1000003,03/18/2025 19:46:16,,-97,3.244,882,,,,882
waterlevel,DevEUI=A8404142B1000003,03/18/2025 17:46:16,,-101,3.242,882,,,,882
waterlevel,DevEUI=A8404142B1000003,03/18/2025 13:46:16,,-102,3.246,882,,,,882
waterlevel,DevEUI=A8404142B1000003,03/18/2025 11:46:16,,-107,3.234,877,,,,877
waterlevel,DevEUI=A8404142B1000003,03/18/2025 09:46:16,,-108,3.251,870,,,,870
waterlevel,DevEUI=A8404142B1000003,03/18/2025 07:46:16,,-103,3.249,866,,,,866
waterlevel,DevEUI=A8404142B1000003,03/18/2025 05:46:16,,-102,3.261,863,,,,863
waterlevel,DevEUI=A8404142B1000003,03/18/2025 03:46:16,,-102,3.261,859,,,,859
waterlevel,DevEUI=A8404142B1000003,03/18/2025 01:46:16,,-101,3.259,859,,,,859
waterlevel,DevEUI=A8404142B1000003,03/17/2025 23:46:17,,-102,3.259,859,,,,859
waterlevel,DevEUI=A8404142B1000003,03/17/2025 21:46:17,,-99,3.255,858,,,,858
waterlevel,DevEUI=A8404142B1000003,03/17/2025 19:46:17,,-101,3.238,858,,,,858
waterlevel,DevEUI=A8404142B1000003,03/17/2025 17:46:17,,-105,3.261,859,,,,859
waterlevel,DevEUI=A8404142B1000003,03/17/2025 15:46:17,,-106,3.246,860,,,,860
waterlevel,DevEUI=A8404142B1000003,03/17/2025 13:46:17,,-105,3.238,859,,,,859
waterlevel,DevEUI=A8404142B1000003,03/17/2025 11:46:17,,-102,3.238,855,,,,855
waterlevel,DevEUI=A8404142B1000003,03/17/2025 09:46:17,,-102,3.238,853,,,,853
waterlevel,DevEUI=A8404142B1000003,03/17/2025 07:46:17,,-100,3.259,851,,,,851
waterlevel,DevEUI=A8404142B1000003,03/17/2025 05:46:17,,-101,3.234,848,,,,848
waterlevel,DevEUI=A8404142B1000003,03/17/2025 03:46:17,,-102,3.261,848,,,,848
waterlevel,DevEUI=A8404142B1000003,03/17/2025 01:46:17,,-99,3.23,847,,,,847
waterlevel,DevEUI=A8404142B1000003,03/16/2025 23:46:17,,-101,3.238,847,,,,847
waterlevel,DevEUI=A8404142B1000003,03/16/2025 21:46:17,,-99,3.253,847,,,,847
waterlevel,DevEUI=A8404142B1000003,03/16/2025 19:46:17,,-101,3.253,847,,,,847
waterlevel,DevEUI=A8404142B1000003,03/16/2025 15:46:17,,-98,3.244,851,,,,851
waterlevel,DevEUI=A8404142B1000003,03/16/2025 13:46:17,,-102,3.253,848,,,,848
waterlevel,DevEUI=A8404142B1000003,03/16/2025 11:46:17,,-101,3.232,845,,,,845
waterlevel,DevEUI=A8404142B1000003,03/16/2025 09:46:17,,-101,3.242,839,,,,839
waterlevel,DevEUI=A8404142B1000003,03/16/2025 07:46:17,,-102,3.251,840,,,,840
waterlevel,DevEUI=A8404142B1000003,03/16/2025 05:46:17,,-100,3.242,835,,,,835
waterlevel,DevEUI=A8404142B1000003,03/16/2025 03:46:17,,-100,3.238,832,,,,832
waterlevel,DevEUI=A8404142B1000003,03/16/2025 01:46:18,,-101,3.249,833,,,,833
waterlevel,DevEUI=A8404142B1000003,03/15/2025 23:46:18,,-100,3.251,833,,,,833
waterlevel,DevEUI=A8404142B1000003,03/15/2025 21:46:18,,-101,3.234,833,,,,833
waterlevel,DevEUI=A8404142B1000003,03/15/2025 19:46:18,,-101,3.255,833,,,,833
waterlevel,DevEUI=A8404142B1000003,03/15/2025 17:46:18,,-98,3.242,832,,,,832
waterlevel,DevEUI=A8404142B1000003,03/15/2025 15:46:18,,-102,3.238,833,,,,833
waterlevel,DevEUI=A8404142B1000003,03/15/2025 13:46:18,,-102,3.246,834,,,,834
waterlevel,DevEUI=A8404142B1000003,03/15/2025 11:46:18,,-103,3.232,830,,,,830
waterlevel,DevEUI=A8404142B1000003,03/15/2025 09:46:18,,-105,3.249,827,,,,827
waterlevel,DevEUI=A8404142B1000003,03/15/2025 07:46:18,,-103,3.249,830,,,,830
waterlevel,DevEUI=A8404142B1000003,03/15/2025 05:46:18,,-102,3.246,824,,,,824
waterlevel,DevEUI=A8404142B1000003,03/15/2025 03:46:18,,-101,3.249,827,,,,827
waterlevel,DevEUI=A8404142B1000003,03/15/2025 01:46:18,,-102,3.249,821,,,,821
waterlevel,DevEUI=A8404142B1000003,03/14/2025 23:46:18,,-100,3.255,822,,,,822
waterlevel,DevEUI=A8404142B1000003,03/14/2025 21:46:18,,-100,3.259,822,,,,822
waterlevel,DevEUI=A8404142B1000003,03/14/2025 19:46:18,,-100,3.255,821,,,,821
waterlevel,DevEUI=A8404142B1000003,03/14/2025 17:46:18,,-102,3.255,823,,,,823
waterlevel,DevEUI=A8404142B1000003,03/14/2025 15:46:18,,-101,3.24,824,,,,824
waterlevel,DevEUI=A8404142B1000003,03/14/2025 13:46:18,,-102,3.242,822,,,,822
waterlevel,DevEUI=A8404142B1000003,03/14/2025 11:46:18,,-105,3.244,821,,,,821
waterlevel,DevEUI=A8404142B1000003,03/14/2025 09:46:18,,-103,3.255,805,,,,805
waterlevel,DevEUI=A8404142B1000003,03/14/2025 07:46:18,,-102,3.255,803,,,,803
waterlevel,DevEUI=A8404142B1000003,03/14/2025 05:46:18,,-102,3.251,802,,,,802
waterlevel,DevEUI=A8404142B1000003,03/14/2025 03:46:18,,-105,3.251,800,,,,800
waterlevel,DevEUI=A8404142B1000003,03/14/2025 01:46:20,,-102,3.253,800,,,,800
waterlevel,DevEUI=A8404142B1000003,03/13/2025 23:46:18,,-103,3.23,800,,,,800
waterlevel,DevEUI=A8404142B1000003,03/13/2025 21:46:19,,-101,3.238,799,,,,799
waterlevel,DevEUI=A8404142B1000003,03/13/2025 19:46:19,,-101,3.255,802,,,,802
waterlevel,DevEUI=A8404142B1000003,03/13/2025 17:46:19,,-103,3.253,798,,,,798
waterlevel,DevEUI=A8404142B1000003,03/13/2025 15:46:19,,-100,3.242,799,,,,799
waterlevel,DevEUI=A8404142B1000003,03/13/2025 13:46:19,,-102,3.234,800,,,,800
waterlevel,DevEUI=A8404142B1000003,03/13/2025 09:46:19,,-103,3.236,823,,,,823
waterlevel,DevEUI=A8404142B1000003,03/13/2025 07:46:19,,-102,3.253,820,,,,820
waterlevel,DevEUI=A8404142B1000003,03/13/2025 05:46:19,,-103,3.255,820,,,,820
waterlevel,DevEUI=A8404142B1000003,03/13/2025 03:46:19,,-101,3.255,816,,,,816
waterlevel,DevEUI=A8404142B1000003,03/13/2025 01:46:19,,-101,3.261,813,,,,813
waterlevel,DevEUI=A8404142B1000003,03/12/2025 23:46:19,,-99,3.244,816,,,,816
waterlevel,DevEUI=A8404142B1000003,03/12/2025 21:46:19,,-101,3.253,815,,,,815
waterlevel,DevEUI=A8404142B1000003,03/12/2025 19:46:19,,-101,3.242,813,,,,813
waterlevel,DevEUI=A8404142B1000003,03/12/2025 17:46:19,,-99,3.249,816,,,,816
waterlevel,DevEUI=A8404142B1000003,03/12/2025 15:46:19,,-100,3.253,817,,,,817
waterlevel,DevEUI=A8404142B1000003,03/12/2025 13:46:19,,-100,3.244,815,,,,815
waterlevel,DevEUI=A8404142B1000003,03/12/2025 11:46:19,,-97,3.246,813,,,,813
waterlevel,DevEUI=A8404142B1000003,03/12/2025 09:46:19,,-101,3.246,810,,,,810
waterlevel,DevEUI=A8404142B1000003,03/12/2025 07:46:19,,-103,3.24,814,,,,814
waterlevel,DevEUI=A8404142B1000003,03/12/2025 05:46:19,,-101,3.259,812,,,,812
waterlevel,DevEUI=A8404142B1000003,03/12/2025 03:46:19,,-101,3.27,812,,,,812
waterlevel,DevEUI=A8404142B1000003,03/12/2025 01:46:20,,-97,3.259,812,,,,812
waterlevel,DevEUI=A8404142B1000003,03/11/2025 23:46:20,,-99,3.242,811,,,,811
waterlevel,DevEUI=A8404142B1000003,03/11/2025 21:46:20,,-99,3.244,811,,,,811
waterlevel,DevEUI=A8404142B1000003,03/11/2025 19:46:20,,-99,3.246,810,,,,810
waterlevel,DevEUI=A8404142B1000003,03/11/2025 17:46:20,,-99,3.246,810,,,,810
waterlevel,DevEUI=A8404142B1000003,03/11/2025 15:46:20,,-99,3.259,811,,,,811
waterlevel,DevEUI=A8404142B1000003,03/11/2025 13:46:20,,-99,3.268,810,,,,810
waterlevel,DevEUI=A8404142B1000003,03/11/2025 11:46:20,,-97,3.261,808,,,,808
waterlevel,DevEUI=A8404142B1000003,03/11/2025 09:46:20,,-99,3.255,806,,,,806
waterlevel,DevEUI=A8404142B1000003,03/11/2025 07:46:20,,-97,3.251,805,,,,805
waterlevel,DevEUI=A8404142B1000003,03/11/2025 05:46:20,,-97,3.253,802,,,,802
waterlevel,DevEUI=A8404142B1000003,03/11/2025 03:46:20,,-97,3.255,797,,,,797
waterlevel,DevEUI=A8404142B1000003,03/11/2025 01:46:20,,-99,3.255,798,,,,798
waterlevel,DevEUI=A8404142B1000003,03/10/2025 23:46:20,,-99,3.263,798,,,,798
waterlevel,DevEUI=A8404142B1000003,03/10/2025 21:46:20,,-97,3.261,799,,,,799
waterlevel,DevEUI=A8404142B1000003,03/10/2025 19:46:20,,-99,3.272,797,,,,797
waterlevel,DevEUI=A8404142B1000003,03/10/2025 17:46:20,,-97,3.272,801,,,,801
waterlevel,DevEUI=A8404142B1000003,03/10/2025 15:46:21,,-101,3.28,803,,,,803
waterlevel,DevEUI=A8404142B1000003,03/10/2025 13:46:21,,-97,3.272,803,,,,803
waterlevel,DevEUI=A8404142B1000003,03/10/2025 11:46:21,,-95,3.27,797,,,,797
waterlevel,DevEUI=A8404142B1000003,03/10/2025 09:46:21,,-96,3.27,794,,,,794
waterlevel,DevEUI=A8404142B1000003,03/10/2025 07:46:21,,-97,3.255,792,,,,792
waterlevel,DevEUI=A8404142B1000003,03/10/2025 05:46:21,,-97,3.255,790,,,,790
waterlevel,DevEUI=A8404142B1000003,03/10/2025 03:46:21,,-97,3.263,789,,,,789
waterlevel,DevEUI=A8404142B1000003,03/10/2025 01:46:21,,-96,3.265,789,,,,789
waterlevel,DevEUI=A8404142B1000003,03/09/2025 23:46:21,,-96,3.261,789,,,,789
waterlevel,DevEUI=A8404142B1000003,03/09/2025 21:46:21,,-96,3.272,790,,,,790
waterlevel,DevEUI=A8404142B1000003,03/09/2025 19:46:21,,-97,3.276,790,,,,790
waterlevel,DevEUI=A8404142B1000003,03/09/2025 17:46:21,,-99,3.285,791,,,,791
waterlevel,DevEUI=A8404142B1000003,03/09/2025 15:46:21,,-99,3.283,792,,,,792
waterlevel,DevEUI=A8404142B1000003,03/09/2025 13:46:21,,-97,3.287,792,,,,792
waterlevel,DevEUI=A8404142B1000003,03/09/2025 11:46:22,,-101,3.276,788,,,,788
waterlevel,DevEUI=A8404142B1000003,03/09/2025 09:46:22,,-97,3.263,782,,,,782
waterlevel,DevEUI=A8404142B1000003,03/09/2025 07:46:22,,-97,3.255,782,,,,782
waterlevel,DevEUI=A8404142B1000003,03/09/2025 05:46:22,,-99,3.263,780,,,,780
waterlevel,DevEUI=A8404142B1000003,03/09/2025 03:46:22,,-101,3.265,778,,,,778
waterlevel,DevEUI=A8404142B1000003,03/09/2025 01:46:22,,-99,3.272,779,,,,779
waterlevel,DevEUI=A8404142B1000003,03/08/2025 23:46:22,,-101,3.274,780,,,,780
waterlevel,DevEUI=A8404142B1000003,03/08/2025 21:46:22,,-97,3.291,780,,,,780
waterlevel,DevEUI=A8404142B1000003,03/08/2025 19:46:22,,-96,3.285,781,,,,781
waterlevel,DevEUI=A8404142B1000003,03/08/2025 17:46:22,,-95,3.289,781,,,,781
waterlevel,DevEUI=A8404142B1000003,03/08/2025 13:46:22,,-105,3.289,777,,,,777
waterlevel,DevEUI=A8404142B1000003,03/08/2025 11:46:22,,-97,3.291,768,,,,768
waterlevel,DevEUI=A8404142B1000003,03/08/2025 09:46:22,,-96,3.276,760,,,,760
waterlevel,DevEUI=A8404142B1000003,03/08/2025 07:46:22,,-99,3.265,744,,,,744
waterlevel,DevEUI=A8404142B1000003,03/08/2025 05:46:22,,-97,3.285,748,,,,748
waterlevel,DevEUI=A8404142B1000003,03/08/2025 03:46:23,,-101,3.268,747,,,,747
waterlevel,DevEUI=A8404142B1000003,03/08/2025 01:46:23,,-97,3.27,747,,,,747
waterlevel,DevEUI=A8404142B1000003,03/07/2025 23:46:23,,-97,3.287,743,,,,743
waterlevel,DevEUI=A8404142B1000003,03/07/2025 21:46:23,,-99,3.293,748,,,,748
waterlevel,DevEUI=A8404142B1000003,03/07/2025 19:46:23,,-95,3.28,744,,,,744
waterlevel,DevEUI=A8404142B1000003,03/07/2025 17:46:23,,-99,3.289,744,,,,744
waterlevel,DevEUI=A8404142B1000003,03/07/2025 15:46:23,,-101,3.302,750,,,,750
waterlevel,DevEUI=A8404142B1000003,03/07/2025 13:46:23,,-102,3.289,750,,,,750
waterlevel,DevEUI=A8404142B1000003,03/07/2025 11:46:23,,-97,3.289,741,,,,741
waterlevel,DevEUI=A8404142B1000003,03/07/2025 09:46:23,,-99,3.263,740,,,,740
waterlevel,DevEUI=A8404142B1000003,03/07/2025 07:46:23,,-99,3.265,738,,,,738
waterlevel,DevEUI=A8404142B1000003,03/07/2025 05:46:23,,-96,3.27,733,,,,733
waterlevel,DevEUI=A8404142B1000003,03/07/2025 03:46:23,,-99,3.276,728,,,,728
waterlevel,DevEUI=A8404142B1000003,03/07/2025 01:46:23,,-99,3.272,728,,,,728
waterlevel,DevEUI=A8404142B1000003,03/06/2025 23:46:23,,-99,3.274,729,,,,729
waterlevel,DevEUI=A8404142B1000003,03/06/2025 21:46:23,,-99,3.276,729,,,,729
waterlevel,DevEUI=A8404142B1000003,03/06/2025 19:46:23,,-96,3.287,729,,,,729
waterlevel,DevEUI=A8404142B1000003,03/06/2025 17:46:24,,-99,3.285,734,,,,734
waterlevel,DevEUI=A8404142B1000003,03/06/2025 15:46:24,,-100,3.289,731,,,,731
waterlevel,DevEUI=A8404142B1000003,03/06/2025 13:46:24,,-97,3.283,725,,,,725
waterlevel,DevEUI=A8404142B1000003,03/06/2025 11:46:24,,-99,3.276,725,,,,725
waterlevel,DevEUI=A8404142B1000003,03/06/2025 09:46:24,,-99,3.263,715,,,,715
waterlevel,DevEUI=A8404142B1000003,03/06/2025 07:46:24,,-97,3.28,718,,,,718
waterlevel,DevEUI=A8404142B1000003,03/06/2025 05:46:24,,-97,3.283,714,,,,714
waterlevel,DevEUI=A8404142B1000003,03/06/2025 03:46:24,,-99,3.285,708,,,,708
waterlevel,DevEUI=A8404142B1000003,03/06/2025 01:46:24,,-99,3.265,708,,,,708
waterlevel,DevEUI=A8404142B1000003,03/05/2025 23:46:24,,-97,3.285,708,,,,708
waterlevel,DevEUI=A8404142B1000003,03/05/2025 21:46:24,,-95,3.28,709,,,,709
waterlevel,DevEUI=A8404142B1000003,03/05/2025 19:46:24,,-97,3.276,708,,,,708
waterlevel,DevEUI=A8404142B1000003,03/05/2025 17:46:24,,-97,3.285,710,,,,710
waterlevel,DevEUI=A8404142B1000003,03/05/2025 15:46:24,,-95,3.287,715,,,,715
waterlevel,DevEUI=A8404142B1000003,03/05/2025 13:46:24,,-97,3.285,714,,,,714
waterlevel,DevEUI=A8404142B1000003,03/05/2025 11:46:24,,-101,3.272,708,,,,708
waterlevel,DevEUI=A8404142B1000003,03/05/2025 09:46:24,,-97,3.276,699,,,,699
waterlevel,DevEUI=A8404142B1000003,03/05/2025 07:46:24,,-99,3.276,701,,,,701
waterlevel,DevEUI=A8404142B1000003,03/05/2025 05:46:25,,-97,3.28,694,,,,694
waterlevel,DevEUI=A8404142B1000003,03/05/2025 03:46:25,,-97,3.293,697,,,,697
waterlevel,DevEUI=A8404142B1000003,03/05/2025 01:46:25,,-96,3.287,697,,,,697
waterlevel,DevEUI=A8404142B1000003,03/04/2025 23:46:25,,-99,3.268,697,,,,697
waterlevel,DevEUI=A8404142B1000003,03/04/2025 21:46:25,,-97,3.263,697,,,,697
waterlevel,DevEUI=A8404142B1000003,03/04/2025 19:46:25,,-99,3.276,693,,,,693
waterlevel,DevEUI=A8404142B1000003,03/04/2025 17:46:25,,-97,3.276,694,,,,694
waterlevel,DevEUI=A8404142B1000003,03/04/2025 15:46:25,,-99,3.28,692,,,,692
waterlevel,DevEUI=A8404142B1000003,03/04/2025 13:46:25,,-99,3.287,691,,,,691
waterlevel,DevEUI=A8404142B1000003,03/04/2025 11:46:25,,-101,3.261,688,,,,688
waterlevel,DevEUI=A8404142B1000003,03/04/2025 09:46:25,,-101,3.278,685,,,,685
waterlevel,DevEUI=A8404142B1000003,03/04/2025 07:46:25,,-99,3.28,680,,,,680
waterlevel,DevEUI=A8404142B1000003,03/04/2025 05:46:25,,-101,3.278,675,,,,675
waterlevel,DevEUI=A8404142B1000003,03/04/2025 03:46:25,,-101,3.285,671,,,,671
waterlevel,DevEUI=A8404142B1000003,03/04/2025 01:46:25,,-101,3.285,671,,,,671
waterlevel,DevEUI=A840417207000004,05/14/2025 13:58:12,,-115,3.307,917,,,,917
waterlevel,DevEUI=A840417207000004,05/14/2025 11:58:13,,-108,3.307,910,,,,910
waterlevel,DevEUI=A840417207000004,05/14/2025 09:58:15,,-106,3.307,1821,,,,1821
waterlevel,DevEUI=A840417207000004,05/14/2025 07:58:16,,-108,3.307,2458,,,,2458
waterlevel,DevEUI=A840417207000004,05/14/2025 05:58:18,,-108,3.307,891,,,,891
waterlevel,DevEUI=A840417207000004,05/14/2025 03:58:19,,-107,3.307,1581,,,,1581
waterlevel,DevEUI=A840417207000004,05/14/2025 01:58:21,,-106,3.307,1814,,,,1814
waterlevel,DevEUI=A840417207000004,05/13/2025 23:58:22,,-109,3.307,2467,,,,2467
waterlevel,DevEUI=A840417207000004,05/13/2025 21:58:24,,-108,3.307,1777,,,,1777
waterlevel,DevEUI=A840417207000004,05/13/2025 19:58:25,,-109,3.307,910,,,,910
waterlevel,DevEUI=A840417207000004,05/13/2025 17:58:27,,-109,3.307,912,,,,912
waterlevel,DevEUI=A840417207000004,05/13/2025 15:58:28,,-107,3.292,920,,,,920
waterlevel,DevEUI=A840417207000004,05/13/2025 13:58:30,,-106,3.295,921,,,,921
waterlevel,DevEUI=A840417207000004,05/13/2025 11:58:31,,-107,3.307,922,,,,922
waterlevel,DevEUI=A840417207000004,05/13/2025 09:58:33,,-109,3.307,1315,,,,1315
waterlevel,DevEUI=A840417207000004,05/13/2025 07:58:34,,-109,3.307,1805,,,,1805
waterlevel,DevEUI=A840417207000004,05/13/2025 05:58:36,,-106,3.307,1133,,,,1133
waterlevel,DevEUI=A840417207000004,05/13/2025 03:58:37,,-106,3.307,1800,,,,1800
waterlevel,DevEUI=A840417207000004,05/13/2025 01:58:39,,-111,3.307,2460,,,,2460
waterlevel,DevEUI=A840417207000004,05/12/2025 23:58:40,,-106,3.307,2464,,,,2464
waterlevel,DevEUI=A840417207000004,05/12/2025 21:58:42,,-109,3.307,916,,,,916
waterlevel,DevEUI=A840417207000004,05/12/2025 19:58:43,,-112,3.307,907,,,,907
waterlevel,DevEUI=A840417207000004,05/12/2025 17:58:45,,-107,3.307,924,,,,924
waterlevel,DevEUI=A840417207000004,05/12/2025 15:58:46,,-105,3.307,925,,,,925
waterlevel,DevEUI=A840417207000004,05/12/2025 13:58:48,,-105,3.307,927,,,,927
waterlevel,DevEUI=A840417207000004,05/12/2025 11:58:49,,-105,3.307,924,,,,924
waterlevel,DevEUI=A840417207000004,05/12/2025 09:58:51,,-108,3.307,919,,,,919
waterlevel,DevEUI=A840417207000004,05/12/2025 07:58:52,,-106,3.307,2443,,,,2443
waterlevel,DevEUI=A840417207000004,05/12/2025 05:58:54,,-107,3.307,2280,,,,2280
waterlevel,DevEUI=A840417207000004,05/12/2025 03:58:55,,-106,3.307,2283,,,,2283
waterlevel,DevEUI=A840417207000004,05/12/2025 01:58:57,,-103,3.307,2444,,,,2444
waterlevel,DevEUI=A840417207000004,05/11/2025 23:58:58,,-107,3.307,1771,,,,1771
waterlevel,DevEUI=A840417207000004,05/11/2025 21:59:00,,-103,3.307,2456,,,,2456
waterlevel,DevEUI=A840417207000004,05/11/2025 19:59:01,,-105,3.307,2444,,,,2444
waterlevel,DevEUI=A840417207000004,05/11/2025 15:59:04,,-105,3.307,2453,,,,2453
waterlevel,DevEUI=A840417207000004,05/11/2025 13:59:06,,-108,3.307,2457,,,,2457
waterlevel,DevEUI=A840417207000004,05/11/2025 11:59:07,,-108,3.307,1851,,,,1851
waterlevel,DevEUI=A840417207000004,05/11/2025 09:59:09,,-105,3.307,2425,,,,2425
waterlevel,DevEUI=A840417207000004,05/11/2025 07:59:10,,-105,3.307,2401,,,,2401
waterlevel,DevEUI=A840417207000004,05/11/2025 05:59:12,,-102,3.307,2398,,,,2398
waterlevel,DevEUI=A840417207000004,05/11/2025 03:59:13,,-102,3.307,2403,,,,2403
waterlevel,DevEUI=A840417207000004,05/11/2025 01:59:15,,-108,3.307,2402,,,,2402
waterlevel,DevEUI=A840417207000004,05/10/2025 23:59:16,,-105,3.307,2407,,,,2407
waterlevel,DevEUI=A840417207000004,05/10/2025 21:59:18,,-107,3.307,2411,,,,2411
waterlevel,DevEUI=A840417207000004,05/10/2025 19:59:19,,-107,3.307,2421,,,,2421
waterlevel,DevEUI=A840417207000004,05/10/2025 17:59:21,,-105,3.307,2430,,,,2430
waterlevel,DevEUI=A840417207000004,05/10/2025 15:59:22,,-104,3.307,1851,,,,1851
waterlevel,DevEUI=A840417207000004,05/10/2025 13:59:24,,-87,3.307,2444,,,,2444
waterlevel,DevEUI=A840417207000004,05/10/2025 13:58:12,,-91,3.307,2456,,,,2456
